{"stats":{"minecraft:killed_by":{"minecraft:player":1,"iceandfire:ghost":1},"minecraft:custom":{"minecraft:interact_with_furnace":13,"minecraft:mob_kills":16,"minecraft:inspect_hopper":1,"minecraft:interact_with_crafting_table":18,"minecraft:open_barrel":1,"minecraft:leave_game":1,"minecraft:time_since_death":49649,"minecraft:sleep_in_bed":2,"minecraft:climb_one_cm":4531,"minecraft:time_since_rest":15480,"minecraft:sprint_one_cm":112530,"minecraft:damage_taken":1876,"minecraft:walk_one_cm":232455,"minecraft:damage_blocked_by_shield":1050,"minecraft:trigger_trapped_chest":4,"minecraft:drop":40,"minecraft:damage_dealt":3113,"minecraft:swim_one_cm":99817,"minecraft:fly_one_cm":188111,"minecraft:open_chest":14,"minecraft:crouch_one_cm":3311,"minecraft:play_time":82716,"minecraft:deaths":3,"minecraft:sneak_time":3089,"minecraft:walk_under_water_one_cm":16015,"minecraft:boat_one_cm":83330,"minecraft:jump":1417,"minecraft:walk_on_water_one_cm":29904,"minecraft:total_world_time":82716,"minecraft:interact_with_smoker":2,"minecraft:fall_one_cm":27775},"minecraft:dropped":{"minecraft:bread":1,"minecraft:brown_mushroom":1,"knightlib:small_essence":3,"minecraft:birch_planks":2,"minecraft:wheat_seeds":4,"quark:hollow_birch_log":1,"minecraft:lilac":7,"minecraft:mossy_cobblestone":3,"minecraft:bowl":1,"minecraft:cobblestone":5,"minecraft:oak_planks":2,"iceandfire:ectoplasm":2,"minecraft:mossy_stone_brick_stairs":9,"immersive_melodies:vielle":1,"minecraft:red_mushroom":9,"minecraft:stick":3,"minecraft:dirt":2,"minecraft:potato":1,"quark:clear_shard":8,"skilltree:gem":8,"minecraft:spider_eye":1,"gravestone:obituary":1,"brewery:hops_seeds":4,"touhou_little_maid:smart_slab_empty":4},"minecraft:used":{"quark:birch_chest":1,"minecraft:stone_sword":89,"minecraft:stone_pickaxe":226,"quark:hollow_birch_log":4,"minecraft:birch_boat":1,"minecraft:shield":74,"minecraft:ender_pearl":1,"minecraft:wooden_pickaxe":24,"minecraft:mossy_stone_brick_stairs":3,"minecraft:stone_hoe":31,"minecraft:cooked_chicken":1,"minecraft:rotten_flesh":1,"touhou_little_maid:smart_slab_init":1,"naturalist:cooked_venison":3,"minecraft:torch":23,"iceandfire:armor_silver_metal_boots":1,"minecraft:mossy_cobblestone":8,"minecraft:dirt":8,"minecraft:crafting_table":9,"minecraft:mushroom_stew":3,"minecraft:birch_door":6,"minecraft:wooden_axe":66,"minecraft:apple":1,"minecraft:bread":7,"touhou_little_maid:smart_slab_has_maid":1,"minecraft:stone_axe":31,"minecraft:cobblestone":14,"minecraft:furnace":3,"minecraft:cooked_porkchop":1,"minecraft:cooked_rabbit":1,"minecraft:potato":6},"minecraft:mined":{"minecraft:brown_mushroom":1,"brewery:wild_hops":2,"minecraft:mossy_cobblestone":14,"minecraft:crafting_table":5,"minecraft:torch":4,"gravestone:gravestone":3,"minecraft:grass_block":2,"minecraft:chest":1,"minecraft:glass":3,"minecraft:cobblestone":12,"minecraft:copper_ore":1,"minecraft:oak_planks":2,"minecraft:wall_torch":6,"quark:hollow_birch_log":5,"minecraft:hay_block":4,"minecraft:furnace":3,"minecraft:birch_log":76,"minecraft:lilac":8,"minecraft:birch_door":3,"minecraft:stone_brick_stairs":2,"minecraft:mossy_stone_brick_stairs":3,"minecraft:grass":40,"minecraft:potatoes":1,"minecraft:coal_ore":52,"minecraft:gravel":1,"minecraft:dirt":7,"minecraft:white_tulip":1,"minecraft:stone":158,"minecraft:oak_leaves":1},"minecraft:picked_up":{"minecraft:birch_log":75,"minecraft:charcoal":9,"minecraft:birch_door":4,"minecraft:crafting_table":5,"minecraft:lilac":7,"naturalist:venison":2,"minecraft:leather":2,"minecraft:brown_mushroom":2,"minecraft:red_mushroom":9,"minecraft:birch_planks":3,"minecraft:potato":4,"minecraft:stone_brick_stairs":2,"iceandfire:ectoplasm":2,"minecraft:shield":1,"skilltree:gem":18,"minecraft:string":2,"minecraft:dirt":10,"brewery:hops_seeds":4,"immersive_melodies:vielle":2,"minecraft:wheat_seeds":5,"minecraft:rabbit":1,"minecraft:mossy_stone_brick_stairs":3,"minecraft:chest":1,"minecraft:birch_sapling":17,"minecraft:furnace":3,"knightlib:small_essence":3,"iceandfire:pixie_dust":1,"minecraft:stick":18,"minecraft:cooked_porkchop":1,"minecraft:torch":10,"minecraft:bowl":1,"minecraft:gravel":1,"minecraft:grass_block":1,"minecraft:spider_eye":2,"minecraft:mossy_cobblestone":14,"iceandfire:armor_silver_metal_boots":1,"quark:clear_shard":8,"minecraft:rotten_flesh":1,"minecraft:hay_block":4,"quark:hollow_birch_log":4,"minecraft:bread":7,"minecraft:cod":1,"minecraft:coal":51,"minecraft:cobblestone":163,"minecraft:ender_pearl":1},"minecraft:crafted":{"quark:birch_chest":1,"naturalist:cooked_venison":3,"minecraft:crafting_table":5,"minecraft:birch_boat":1,"minecraft:wooden_pickaxe":1,"minecraft:furnace":1,"minecraft:birch_planks":124,"minecraft:stone_axe":1,"minecraft:bread":12,"minecraft:air":0,"minecraft:charcoal":14,"minecraft:stick":24,"minecraft:stone_pickaxe":2,"minecraft:wooden_axe":1,"minecraft:stone_sword":1,"minecraft:birch_door":3,"minecraft:torch":40,"minecraft:stone_hoe":2,"minecraft:cooked_rabbit":1,"minecraft:wheat":36},"minecraft:killed":{"minecraft:rabbit":1,"minecraft:spider":2,"aquaculture:smallmouth_bass":1,"minecraft:cod":1,"minecraft:zombie":2,"iceandfire:ghost":8,"iceandfire:pixie":1},"minecraft:broken":{"minecraft:stone_pickaxe":2,"minecraft:shield":1,"minecraft:wooden_axe":1}},"DataVersion":3465}