{"stats":{"minecraft:killed_by":{"minecraft:player":1,"minecraft:creeper":1,"iceandfire:ghost":1},"minecraft:custom":{"minecraft:mob_kills":27,"minecraft:inspect_hopper":1,"minecraft:interact_with_crafting_table":27,"minecraft:open_barrel":1,"goblintraders:trade_with_goblin":4,"minecraft:damage_dealt_resisted":1204,"minecraft:leave_game":1,"minecraft:time_since_death":26132,"minecraft:climb_one_cm":4531,"minecraft:sprint_one_cm":146946,"minecraft:walk_one_cm":302247,"minecraft:damage_blocked_by_shield":1050,"minecraft:drop":57,"minecraft:play_time":112716,"minecraft:deaths":4,"minecraft:sneak_time":7194,"minecraft:walk_under_water_one_cm":16311,"minecraft:boat_one_cm":83330,"minecraft:jump":1893,"minecraft:walk_on_water_one_cm":30046,"minecraft:total_world_time":112716,"minecraft:interact_with_furnace":25,"minecraft:sleep_in_bed":2,"minecraft:time_since_rest":26986,"minecraft:damage_taken":2462,"minecraft:trigger_trapped_chest":4,"minecraft:damage_dealt":5779,"minecraft:swim_one_cm":118549,"minecraft:fly_one_cm":256818,"minecraft:open_chest":15,"minecraft:crouch_one_cm":9255,"minecraft:interact_with_smoker":2,"minecraft:fall_one_cm":42615},"minecraft:dropped":{"minecraft:bread":1,"knightlib:small_essence":4,"minecraft:brown_mushroom":3,"minecraft:birch_planks":2,"minecraft:wheat_seeds":4,"minecraft:lilac":7,"quark:hollow_birch_log":3,"minecraft:mossy_cobblestone":3,"iceandfire:armor_copper_metal_chestplate":1,"minecraft:cobblestone":5,"minecraft:mossy_stone_brick_stairs":9,"iceandfire:ectoplasm":2,"immersive_melodies:vielle":1,"minecraft:red_mushroom":9,"minecraft:stick":4,"minecraft:dirt":2,"quark:clear_shard":8,"skilltree:gem":8,"gravestone:obituary":4,"touhou_little_maid:smart_slab_empty":6,"minecraft:stone_axe":1,"minecraft:bowl":1,"minecraft:rotten_flesh":2,"minecraft:oak_planks":2,"iceandfire:armor_copper_metal_helmet":1,"minecraft:potato":1,"iceandfire:pixie_dust":1,"minecraft:spider_eye":1,"brewery:hops_seeds":4,"minecraft:stone_brick_stairs":2},"minecraft:used":{"quark:birch_chest":1,"minecraft:stone_sword":127,"minecraft:chest":1,"minecraft:shield":74,"minecraft:stone_hoe":31,"minecraft:cooked_chicken":1,"minecraft:rotten_flesh":1,"simplyswords:diamond_twinblade":32,"minecraft:torch":43,"touhou_little_maid:smart_slab_init":1,"naturalist:cooked_venison":3,"minecraft:dirt":8,"minecraft:birch_door":6,"minecraft:wooden_axe":66,"minecraft:furnace":6,"minecraft:potato":6,"minecraft:cobbled_deepslate":3,"minecraft:stone_pickaxe":368,"minecraft:wooden_pickaxe":24,"minecraft:ender_pearl":1,"quark:hollow_birch_log":4,"minecraft:birch_boat":1,"minecraft:mossy_stone_brick_stairs":3,"iceandfire:armor_silver_metal_boots":1,"minecraft:mossy_cobblestone":10,"minecraft:crafting_table":12,"minecraft:mushroom_stew":3,"minecraft:apple":1,"minecraft:bread":14,"minecraft:iron_pickaxe":65,"touhou_little_maid:smart_slab_has_maid":1,"minecraft:stone_axe":37,"minecraft:cobblestone":38,"minecraft:cooked_porkchop":1,"minecraft:cooked_rabbit":1},"minecraft:mined":{"minecraft:mossy_cobblestone":14,"minecraft:deepslate_diamond_ore":12,"gravestone:gravestone":4,"minecraft:grass_block":2,"quark:hollow_birch_log":5,"minecraft:hay_block":4,"minecraft:furnace":5,"minecraft:iron_ore":14,"minecraft:mossy_stone_brick_stairs":3,"minecraft:potatoes":1,"minecraft:vine":4,"minecraft:deepslate_iron_ore":2,"minecraft:stone":216,"minecraft:white_tulip":1,"minecraft:brown_mushroom":1,"brewery:wild_hops":2,"minecraft:crafting_table":8,"minecraft:torch":8,"minecraft:chest":1,"minecraft:glass":3,"minecraft:copper_ore":1,"minecraft:cobblestone":14,"minecraft:lapis_ore":4,"minecraft:oak_planks":2,"minecraft:diorite":19,"minecraft:wall_torch":9,"supplementaries:urn":1,"minecraft:birch_log":76,"minecraft:lilac":8,"minecraft:birch_door":3,"minecraft:stone_brick_stairs":2,"minecraft:grass":40,"minecraft:coal_ore":71,"minecraft:gravel":3,"minecraft:dirt":7,"minecraft:oak_leaves":1,"minecraft:deepslate":71},"minecraft:picked_up":{"minecraft:crafting_table":8,"minecraft:charcoal":12,"minecraft:birch_door":4,"naturalist:venison":2,"minecraft:brown_mushroom":3,"iceandfire:armor_copper_metal_chestplate":1,"minecraft:stone_brick_stairs":2,"gravestone:obituary":1,"minecraft:shield":1,"minecraft:string":12,"immersive_melodies:vielle":2,"minecraft:cobbled_deepslate":53,"minecraft:chest":1,"minecraft:birch_sapling":17,"knightlib:small_essence":4,"minecraft:furnace":5,"minecraft:tipped_arrow":65,"iceandfire:pixie_dust":1,"minecraft:stick":18,"minecraft:raw_iron":16,"minecraft:torch":17,"minecraft:bowl":1,"minecraft:diorite":19,"iceandfire:armor_silver_metal_boots":1,"minecraft:arrow":3,"quark:clear_shard":8,"minecraft:rotten_flesh":3,"minecraft:hay_block":4,"sophisticatedbackpacks:copper_backpack":1,"minecraft:cod":1,"minecraft:cobblestone":226,"minecraft:birch_log":75,"minecraft:lilac":7,"minecraft:leather":2,"minecraft:red_mushroom":9,"minecraft:potato":4,"minecraft:birch_planks":3,"iceandfire:ectoplasm":2,"iceandfire:armor_copper_metal_helmet":1,"minecraft:lapis_lazuli":24,"skilltree:gem":21,"minecraft:dirt":10,"brewery:hops_seeds":4,"minecraft:bone":5,"minecraft:bow":1,"minecraft:wheat_seeds":5,"minecraft:rabbit":1,"minecraft:mossy_stone_brick_stairs":3,"minecraft:cooked_porkchop":1,"touhou_little_maid:smart_slab_empty":2,"minecraft:gravel":7,"minecraft:grass_block":1,"minecraft:spider_eye":2,"minecraft:mossy_cobblestone":14,"minecraft:diamond":12,"quark:hollow_birch_log":5,"minecraft:bread":7,"minecraft:coal":112,"minecraft:ender_pearl":1},"minecraft:crafted":{"quark:birch_chest":1,"naturalist:cooked_venison":3,"minecraft:birch_boat":1,"minecraft:furnace":1,"simplyswords:diamond_twinblade":1,"minecraft:diamond_helmet":1,"minecraft:stone_pickaxe":3,"minecraft:birch_door":3,"minecraft:stone_hoe":2,"minecraft:cooked_rabbit":1,"minecraft:wheat":36,"minecraft:cooked_cod":1,"minecraft:emerald":4,"minecraft:crafting_table":5,"minecraft:wooden_pickaxe":1,"minecraft:birch_planks":124,"minecraft:stone_axe":1,"minecraft:air":0,"minecraft:bread":12,"minecraft:iron_chestplate":1,"minecraft:charcoal":14,"minecraft:stick":28,"minecraft:iron_pickaxe":1,"minecraft:iron_ingot":16,"minecraft:wooden_axe":1,"minecraft:stone_sword":1,"minecraft:torch":40},"minecraft:killed":{"minecraft:spider":2,"aquaculture:smallmouth_bass":1,"minecraft:cod":1,"minecraft:skeleton":3,"touhou_little_maid:fairy":4,"minecraft:rabbit":1,"minecraft:creeper":1,"minecraft:zombie":4,"iceandfire:ghost":8,"minecraft:stray":1,"iceandfire:pixie":1},"minecraft:broken":{"minecraft:stone_pickaxe":3,"minecraft:shield":1,"minecraft:wooden_axe":1}},"DataVersion":3465}