{"stats":{"minecraft:killed_by":{"minecraft:player":1,"minecraft:creeper":1,"touhou_little_maid:fairy":1,"iceandfire:ghost":1},"minecraft:custom":{"minecraft:mob_kills":40,"minecraft:inspect_hopper":1,"minecraft:interact_with_crafting_table":30,"minecraft:open_barrel":2,"goblintraders:trade_with_goblin":4,"minecraft:damage_dealt_resisted":1772,"minecraft:leave_game":1,"minecraft:time_since_death":21862,"minecraft:climb_one_cm":4531,"minecraft:sprint_one_cm":224961,"minecraft:walk_one_cm":489958,"minecraft:damage_blocked_by_shield":1050,"minecraft:drop":73,"minecraft:play_time":172716,"minecraft:deaths":6,"minecraft:sneak_time":14751,"minecraft:walk_under_water_one_cm":16746,"minecraft:boat_one_cm":83330,"minecraft:jump":2783,"minecraft:walk_on_water_one_cm":31788,"minecraft:total_world_time":172716,"minecraft:interact_with_furnace":26,"minecraft:sleep_in_bed":4,"minecraft:time_since_rest":22002,"minecraft:damage_taken":3072,"minecraft:trigger_trapped_chest":4,"minecraft:damage_dealt":7349,"minecraft:player_kills":1,"minecraft:swim_one_cm":118966,"minecraft:fly_one_cm":333563,"minecraft:open_chest":22,"minecraft:crouch_one_cm":31437,"minecraft:interact_with_smoker":4,"minecraft:fall_one_cm":59543},"minecraft:dropped":{"minecraft:bread":1,"knightlib:small_essence":4,"minecraft:brown_mushroom":3,"minecraft:birch_planks":11,"minecraft:wheat_seeds":4,"minecraft:lilac":7,"quark:hollow_birch_log":3,"minecraft:mossy_cobblestone":3,"minecraft:deepslate_brick_wall":1,"minecraft:diamond":5,"iceandfire:armor_copper_metal_chestplate":1,"minecraft:cobblestone":33,"minecraft:mossy_stone_brick_stairs":9,"iceandfire:ectoplasm":2,"immersive_melodies:vielle":1,"minecraft:red_mushroom":9,"minecraft:stick":4,"minecraft:dirt":2,"quark:clear_shard":8,"minecraft:torch":7,"skilltree:gem":8,"gravestone:obituary":7,"touhou_little_maid:smart_slab_empty":6,"minecraft:iron_pickaxe":2,"minecraft:stone_axe":1,"minecraft:bowl":1,"minecraft:rotten_flesh":4,"minecraft:oak_planks":2,"iceandfire:armor_copper_metal_helmet":1,"minecraft:potato":1,"minecraft:turtle_helmet":1,"iceandfire:pixie_dust":1,"minecraft:spider_eye":1,"brewery:hops_seeds":4,"minecraft:bow":2,"minecraft:stone_brick_stairs":2},"minecraft:used":{"quark:birch_chest":1,"minecraft:stone_sword":127,"sophisticatedbackpacks:copper_backpack":2,"minecraft:chest":1,"minecraft:shield":74,"minecraft:stone_hoe":31,"minecraft:cooked_chicken":1,"minecraft:rotten_flesh":6,"simplyswords:diamond_twinblade":64,"minecraft:torch":72,"touhou_little_maid:smart_slab_init":1,"naturalist:cooked_venison":3,"minecraft:dirt":8,"minecraft:birch_door":6,"minecraft:wooden_axe":66,"minecraft:bow":33,"minecraft:furnace":6,"minecraft:cooked_cod":1,"minecraft:potato":6,"minecraft:cobbled_deepslate":72,"minecraft:diorite":21,"minecraft:stone_pickaxe":376,"minecraft:wooden_pickaxe":24,"minecraft:ender_pearl":1,"quark:hollow_birch_log":4,"minecraft:birch_boat":1,"minecraft:mossy_stone_brick_stairs":3,"iceandfire:armor_silver_metal_boots":1,"minecraft:mossy_cobblestone":10,"minecraft:crafting_table":12,"minecraft:mushroom_stew":3,"minecraft:apple":1,"minecraft:bread":16,"minecraft:iron_pickaxe":258,"minecraft:deepslate":1,"minecraft:gravel":10,"touhou_little_maid:smart_slab_has_maid":1,"minecraft:stone_axe":37,"minecraft:cobblestone":47,"farmersdelight:egg_sandwich":1,"minecraft:cooked_porkchop":1,"minecraft:cooked_rabbit":1},"minecraft:mined":{"create:deepslate_zinc_ore":2,"minecraft:tuff":30,"minecraft:mossy_cobblestone":14,"minecraft:deepslate_diamond_ore":17,"gravestone:gravestone":6,"minecraft:grass_block":2,"spelunkers_charm:deepslate_rock_pile_1":1,"minecraft:spawner":1,"quark:hollow_birch_log":5,"minecraft:hay_block":4,"minecraft:magma_block":1,"minecraft:furnace":5,"minecraft:iron_ore":14,"minecraft:cobbled_deepslate":2,"minecraft:deepslate_lapis_ore":6,"minecraft:mossy_stone_brick_stairs":3,"minecraft:potatoes":1,"minecraft:vine":4,"minecraft:deepslate_iron_ore":14,"minecraft:stone":216,"minecraft:white_tulip":1,"minecraft:brown_mushroom":1,"brewery:wild_hops":2,"minecraft:deepslate_brick_wall":1,"minecraft:crafting_table":8,"minecraft:torch":18,"minecraft:chest":1,"minecraft:glass":3,"minecraft:copper_ore":1,"minecraft:cobblestone":19,"spelunkers_charm:deepslate_geyser":1,"minecraft:lapis_ore":4,"minecraft:oak_planks":2,"minecraft:sculk":4,"minecraft:diorite":25,"minecraft:wall_torch":11,"supplementaries:urn":3,"minecraft:birch_log":76,"minecraft:lilac":8,"minecraft:birch_door":3,"minecraft:stone_brick_stairs":2,"minecraft:grass":40,"minecraft:coal_ore":71,"minecraft:gravel":10,"minecraft:dirt":7,"minecraft:oak_leaves":1,"minecraft:deepslate":185},"minecraft:picked_up":{"minecraft:crafting_table":8,"minecraft:charcoal":12,"minecraft:birch_door":4,"minecraft:turtle_helmet":1,"naturalist:venison":2,"minecraft:brown_mushroom":3,"iceandfire:armor_copper_metal_chestplate":1,"spelunkers_charm:deepslate_rock":1,"minecraft:stone_brick_stairs":2,"gravestone:obituary":2,"minecraft:shield":1,"minecraft:string":13,"immersive_melodies:vielle":2,"minecraft:cobbled_deepslate":177,"minecraft:iron_pickaxe":1,"minecraft:chest":1,"minecraft:birch_sapling":17,"knightlib:small_essence":9,"minecraft:furnace":5,"minecraft:tipped_arrow":69,"iceandfire:pixie_dust":1,"minecraft:stick":18,"minecraft:raw_iron":36,"minecraft:deepslate_brick_wall":1,"minecraft:torch":31,"minecraft:bowl":1,"minecraft:diorite":24,"iceandfire:armor_silver_metal_boots":1,"minecraft:arrow":8,"quark:clear_shard":8,"minecraft:rotten_flesh":10,"minecraft:hay_block":4,"sophisticatedbackpacks:copper_backpack":1,"minecraft:cod":1,"minecraft:cobblestone":246,"minecraft:birch_log":75,"minecraft:magma_block":1,"minecraft:lilac":7,"minecraft:leather":2,"minecraft:red_mushroom":9,"minecraft:potato":4,"minecraft:birch_planks":3,"minecraft:flint":1,"create:raw_zinc":2,"minecraft:tuff":34,"iceandfire:ectoplasm":2,"iceandfire:armor_copper_metal_helmet":1,"minecraft:lapis_lazuli":64,"skilltree:gem":24,"minecraft:dirt":10,"brewery:hops_seeds":4,"minecraft:bone":8,"farmersdelight:cooking_pot":1,"minecraft:bow":3,"minecraft:wheat_seeds":5,"minecraft:raw_gold":5,"minecraft:stone_pickaxe":1,"farmersdelight:egg_sandwich":1,"minecraft:rabbit":1,"minecraft:mossy_stone_brick_stairs":3,"endrem:witch_pupil":1,"minecraft:cooked_porkchop":1,"touhou_little_maid:smart_slab_empty":2,"minecraft:gravel":35,"minecraft:grass_block":1,"minecraft:spider_eye":2,"minecraft:mossy_cobblestone":14,"minecraft:deepslate":1,"minecraft:diamond":16,"quark:hollow_birch_log":5,"minecraft:emerald":3,"minecraft:bread":7,"minecraft:coal":112,"minecraft:ender_pearl":1},"minecraft:crafted":{"quark:birch_chest":1,"naturalist:cooked_venison":3,"minecraft:birch_boat":1,"minecraft:furnace":1,"simplyswords:diamond_twinblade":1,"minecraft:diamond_helmet":1,"minecraft:stone_pickaxe":3,"minecraft:birch_door":3,"minecraft:stone_hoe":2,"minecraft:cooked_rabbit":1,"minecraft:wheat":36,"minecraft:cooked_cod":1,"minecraft:emerald":4,"minecraft:crafting_table":5,"minecraft:wooden_pickaxe":1,"minecraft:birch_planks":124,"minecraft:stone_axe":1,"minecraft:air":0,"minecraft:bread":14,"minecraft:iron_chestplate":1,"minecraft:charcoal":14,"minecraft:stick":28,"minecraft:iron_pickaxe":1,"minecraft:iron_ingot":16,"minecraft:wooden_axe":1,"minecraft:stone_sword":1,"minecraft:torch":52},"minecraft:killed":{"minecraft:witch":1,"minecraft:spider":5,"aquaculture:smallmouth_bass":1,"minecraft:cod":1,"minecraft:skeleton":6,"touhou_little_maid:fairy":6,"minecraft:rabbit":1,"minecraft:creeper":1,"minecraft:zombie":8,"iceandfire:ghost":8,"minecraft:stray":1,"iceandfire:pixie":1},"minecraft:broken":{"minecraft:stone_pickaxe":3,"minecraft:shield":1,"minecraft:iron_pickaxe":1,"minecraft:wooden_axe":1}},"DataVersion":3465}