{"stats":{"minecraft:killed_by":{"minecraft:player":1,"iceandfire:ghost":1},"minecraft:custom":{"minecraft:interact_with_furnace":10,"minecraft:mob_kills":14,"minecraft:inspect_hopper":1,"minecraft:interact_with_crafting_table":13,"minecraft:open_barrel":1,"minecraft:leave_game":1,"minecraft:time_since_death":21095,"minecraft:time_since_rest":21237,"minecraft:sprint_one_cm":98735,"minecraft:damage_taken":1835,"minecraft:walk_one_cm":159812,"minecraft:damage_blocked_by_shield":1050,"minecraft:trigger_trapped_chest":4,"minecraft:drop":10,"minecraft:damage_dealt":2804,"minecraft:swim_one_cm":67238,"minecraft:fly_one_cm":164935,"minecraft:open_chest":10,"minecraft:crouch_one_cm":1671,"minecraft:play_time":54162,"minecraft:deaths":3,"minecraft:sneak_time":1369,"minecraft:walk_under_water_one_cm":7203,"minecraft:jump":1019,"minecraft:walk_on_water_one_cm":18531,"minecraft:total_world_time":54162,"minecraft:interact_with_smoker":2,"minecraft:fall_one_cm":25065},"minecraft:dropped":{"minecraft:wheat_seeds":4,"minecraft:birch_planks":2,"minecraft:lilac":4,"minecraft:bowl":1,"immersive_melodies:vielle":1,"minecraft:red_mushroom":9,"minecraft:stick":3,"gravestone:obituary":1,"brewery:hops_seeds":4},"minecraft:used":{"quark:birch_chest":1,"minecraft:stone_sword":76,"minecraft:stone_pickaxe":89,"minecraft:ender_pearl":1,"minecraft:shield":74,"minecraft:wooden_pickaxe":24,"minecraft:stone_hoe":26,"minecraft:cooked_chicken":1,"minecraft:rotten_flesh":1,"touhou_little_maid:smart_slab_init":1,"minecraft:torch":18,"naturalist:cooked_venison":3,"iceandfire:armor_silver_metal_boots":1,"minecraft:mossy_cobblestone":6,"minecraft:dirt":8,"minecraft:crafting_table":6,"minecraft:mushroom_stew":3,"minecraft:birch_door":2,"minecraft:wooden_axe":66,"minecraft:apple":1,"minecraft:bread":4,"touhou_little_maid:smart_slab_has_maid":1,"minecraft:stone_axe":26,"minecraft:cobblestone":12,"minecraft:furnace":3,"minecraft:cooked_porkchop":1,"minecraft:cooked_rabbit":1,"minecraft:potato":6},"minecraft:mined":{"minecraft:brown_mushroom":1,"brewery:wild_hops":2,"minecraft:mossy_cobblestone":10,"gravestone:gravestone":3,"minecraft:crafting_table":5,"minecraft:torch":3,"minecraft:grass_block":2,"minecraft:chest":1,"minecraft:copper_ore":1,"minecraft:cobblestone":6,"minecraft:wall_torch":3,"quark:hollow_birch_log":4,"minecraft:furnace":3,"minecraft:birch_log":76,"minecraft:lilac":8,"minecraft:birch_door":1,"minecraft:grass":32,"minecraft:coal_ore":27,"minecraft:dirt":7,"minecraft:white_tulip":1,"minecraft:stone":66,"minecraft:oak_leaves":1},"minecraft:picked_up":{"minecraft:birch_log":75,"minecraft:charcoal":9,"minecraft:birch_door":1,"minecraft:crafting_table":5,"minecraft:lilac":7,"naturalist:venison":2,"minecraft:leather":2,"minecraft:brown_mushroom":1,"minecraft:potato":3,"minecraft:red_mushroom":9,"minecraft:birch_planks":3,"iceandfire:ectoplasm":1,"minecraft:shield":1,"skilltree:gem":8,"minecraft:dirt":9,"minecraft:string":2,"brewery:hops_seeds":4,"immersive_melodies:vielle":2,"minecraft:wheat_seeds":5,"minecraft:rabbit":1,"minecraft:chest":1,"minecraft:birch_sapling":17,"minecraft:furnace":3,"knightlib:small_essence":3,"minecraft:stick":18,"minecraft:cooked_porkchop":1,"minecraft:torch":6,"minecraft:bowl":1,"minecraft:grass_block":1,"minecraft:spider_eye":2,"minecraft:mossy_cobblestone":10,"iceandfire:armor_silver_metal_boots":1,"minecraft:rotten_flesh":1,"quark:hollow_birch_log":4,"minecraft:bread":6,"minecraft:coal":26,"minecraft:cobblestone":72,"minecraft:ender_pearl":1},"minecraft:crafted":{"quark:birch_chest":1,"naturalist:cooked_venison":3,"minecraft:crafting_table":3,"minecraft:wooden_pickaxe":1,"minecraft:furnace":1,"minecraft:birch_planks":124,"minecraft:stone_axe":1,"minecraft:air":0,"minecraft:charcoal":14,"minecraft:stick":24,"minecraft:stone_pickaxe":1,"minecraft:wooden_axe":1,"minecraft:stone_sword":1,"minecraft:birch_door":3,"minecraft:torch":40,"minecraft:stone_hoe":2,"minecraft:cooked_rabbit":1},"minecraft:killed":{"minecraft:rabbit":1,"minecraft:spider":2,"aquaculture:smallmouth_bass":1,"minecraft:zombie":2,"iceandfire:ghost":8},"minecraft:broken":{"minecraft:shield":1,"minecraft:wooden_axe":1}},"DataVersion":3465}