{"stats":{"minecraft:killed_by":{"minecraft:player":1,"minecraft:creeper":1,"touhou_little_maid:fairy":1,"iceandfire:ghost":1},"minecraft:custom":{"minecraft:mob_kills":44,"minecraft:inspect_hopper":1,"minecraft:interact_with_crafting_table":34,"minecraft:open_barrel":8,"goblintraders:trade_with_goblin":11,"minecraft:damage_dealt_resisted":1772,"minecraft:leave_game":3,"minecraft:time_since_death":21127,"minecraft:climb_one_cm":4877,"minecraft:sprint_one_cm":302293,"minecraft:walk_one_cm":603750,"minecraft:damage_blocked_by_shield":1050,"minecraft:drop":77,"minecraft:talked_to_villager":13,"minecraft:play_time":218846,"minecraft:sneak_time":19433,"minecraft:deaths":7,"minecraft:walk_under_water_one_cm":20361,"minecraft:boat_one_cm":127323,"minecraft:jump":3799,"minecraft:walk_on_water_one_cm":34124,"minecraft:total_world_time":218846,"minecraft:interact_with_furnace":27,"minecraft:traded_with_villager":7,"minecraft:sleep_in_bed":5,"minecraft:time_since_rest":18577,"minecraft:damage_taken":3726,"minecraft:trigger_trapped_chest":4,"minecraft:damage_dealt":8262,"minecraft:player_kills":1,"minecraft:fly_one_cm":437090,"minecraft:swim_one_cm":135445,"minecraft:open_chest":30,"minecraft:crouch_one_cm":44363,"minecraft:interact_with_smoker":6,"minecraft:fall_one_cm":76524},"minecraft:dropped":{"minecraft:bread":1,"minecraft:birch_planks":11,"knightlib:small_essence":4,"minecraft:brown_mushroom":3,"minecraft:wheat_seeds":5,"minecraft:lilac":7,"quark:hollow_birch_log":3,"minecraft:mossy_cobblestone":3,"minecraft:diamond":5,"minecraft:deepslate_brick_wall":1,"iceandfire:armor_copper_metal_chestplate":1,"minecraft:cobblestone":33,"minecraft:mossy_stone_brick_stairs":9,"iceandfire:ectoplasm":2,"immersive_melodies:vielle":1,"minecraft:red_mushroom":9,"minecraft:stick":4,"minecraft:dirt":2,"quark:clear_shard":8,"minecraft:torch":7,"skilltree:gem":8,"gravestone:obituary":8,"touhou_little_maid:smart_slab_empty":6,"minecraft:iron_pickaxe":2,"minecraft:stone_axe":1,"minecraft:bowl":2,"minecraft:rotten_flesh":4,"minecraft:oak_planks":2,"iceandfire:armor_copper_metal_helmet":1,"supplementaries:flax_seeds":2,"minecraft:potato":1,"minecraft:turtle_helmet":1,"iceandfire:pixie_dust":1,"minecraft:spider_eye":1,"brewery:hops_seeds":4,"minecraft:bow":2,"minecraft:stone_brick_stairs":2},"minecraft:used":{"quark:birch_chest":1,"minecraft:stone_sword":127,"sophisticatedbackpacks:copper_backpack":2,"minecraft:chest":1,"minecraft:shield":74,"minecraft:stone_hoe":31,"minecraft:cooked_chicken":1,"minecraft:rotten_flesh":9,"touhou_little_maid:smart_slab_init":1,"naturalist:cooked_venison":3,"simplyswords:diamond_twinblade":84,"minecraft:torch":81,"minecraft:dirt":8,"minecraft:tuff":9,"minecraft:birch_door":6,"minecraft:wooden_axe":66,"minecraft:rabbit_stew":1,"minecraft:bow":36,"minecraft:furnace":6,"minecraft:cooked_cod":1,"minecraft:potato":6,"minecraft:cobbled_deepslate":130,"minecraft:diorite":36,"minecraft:baked_potato":2,"minecraft:stone_pickaxe":620,"minecraft:wooden_pickaxe":83,"minecraft:birch_boat":2,"minecraft:ender_pearl":1,"quark:hollow_birch_log":4,"minecraft:mossy_stone_brick_stairs":3,"iceandfire:armor_silver_metal_boots":1,"minecraft:mossy_cobblestone":10,"minecraft:crafting_table":12,"minecraft:mushroom_stew":3,"minecraft:apple":1,"minecraft:bread":16,"minecraft:iron_pickaxe":258,"touhou_little_maid:smart_slab_has_maid":1,"minecraft:gravel":13,"minecraft:deepslate":1,"minecraft:stone_axe":38,"minecraft:cobblestone":70,"farmersdelight:egg_sandwich":4,"minecraft:cooked_porkchop":1,"minecraft:cooked_rabbit":1},"minecraft:mined":{"create:deepslate_zinc_ore":2,"minecraft:tuff":39,"minecraft:mossy_cobblestone":14,"minecraft:deepslate_diamond_ore":17,"gravestone:gravestone":7,"minecraft:grass_block":2,"minecraft:spawner":1,"quark:hollow_birch_log":5,"minecraft:hay_block":4,"spelunkers_charm:deepslate_rock_pile_1":1,"minecraft:magma_block":1,"minecraft:furnace":5,"minecraft:iron_ore":22,"minecraft:cobbled_deepslate":3,"minecraft:deepslate_lapis_ore":6,"minecraft:peony":1,"minecraft:mossy_stone_brick_stairs":3,"minecraft:potatoes":1,"minecraft:vine":4,"minecraft:deepslate_iron_ore":14,"minecraft:white_tulip":1,"minecraft:stone":378,"minecraft:brown_mushroom":1,"brewery:wild_hops":2,"minecraft:deepslate_brick_wall":1,"minecraft:crafting_table":8,"minecraft:torch":23,"minecraft:chest":1,"minecraft:tall_grass":1,"minecraft:cobblestone":19,"minecraft:glass":3,"minecraft:copper_ore":1,"spelunkers_charm:deepslate_geyser":1,"minecraft:lapis_ore":4,"minecraft:oak_planks":7,"minecraft:sculk":4,"minecraft:diorite":40,"minecraft:wall_torch":16,"supplementaries:urn":6,"minecraft:birch_log":77,"minecraft:lilac":8,"minecraft:birch_door":3,"minecraft:stone_brick_stairs":2,"minecraft:grass":40,"minecraft:coal_ore":94,"minecraft:gravel":14,"minecraft:dirt":7,"minecraft:oak_leaves":1,"minecraft:deepslate":261},"minecraft:picked_up":{"minecraft:charcoal":12,"minecraft:crafting_table":8,"minecraft:birch_door":4,"minecraft:rabbit_stew":1,"naturalist:venison":2,"minecraft:turtle_helmet":1,"minecraft:brown_mushroom":3,"iceandfire:armor_copper_metal_chestplate":1,"spelunkers_charm:deepslate_rock":1,"minecraft:stone_brick_stairs":2,"gravestone:obituary":3,"minecraft:shield":1,"minecraft:string":13,"immersive_melodies:vielle":2,"minecraft:cobbled_deepslate":260,"minecraft:iron_pickaxe":1,"minecraft:chest":1,"minecraft:birch_sapling":17,"minecraft:furnace":5,"knightlib:small_essence":12,"minecraft:tipped_arrow":71,"iceandfire:pixie_dust":1,"minecraft:stick":18,"minecraft:raw_iron":47,"minecraft:deepslate_brick_wall":1,"minecraft:torch":41,"minecraft:bowl":1,"minecraft:diorite":39,"iceandfire:armor_silver_metal_boots":1,"minecraft:arrow":10,"quark:clear_shard":8,"minecraft:rotten_flesh":13,"minecraft:pumpkin_pie":5,"minecraft:hay_block":4,"sophisticatedbackpacks:copper_backpack":1,"supplementaries:ash":8,"minecraft:cod":1,"minecraft:cobblestone":450,"minecraft:birch_log":76,"minecraft:magma_block":1,"minecraft:lilac":7,"minecraft:leather":2,"minecraft:red_mushroom":9,"minecraft:potato":4,"minecraft:birch_planks":3,"minecraft:flint":3,"minecraft:tuff":43,"create:raw_zinc":2,"supplementaries:flax_seeds":2,"iceandfire:ectoplasm":2,"iceandfire:armor_copper_metal_helmet":1,"skilltree:gem":28,"minecraft:lapis_lazuli":64,"minecraft:dirt":10,"brewery:hops_seeds":4,"minecraft:bone":9,"farmersdelight:cooking_pot":1,"minecraft:bow":3,"minecraft:wheat_seeds":6,"minecraft:raw_gold":6,"minecraft:stone_pickaxe":1,"farmersdelight:egg_sandwich":2,"minecraft:rabbit":1,"minecraft:oak_planks":5,"minecraft:mossy_stone_brick_stairs":3,"knightlib:great_essence":4,"endrem:witch_pupil":1,"minecraft:sweet_berries":6,"minecraft:birch_boat":1,"minecraft:cooked_porkchop":1,"touhou_little_maid:smart_slab_empty":2,"minecraft:gravel":38,"minecraft:grass_block":1,"minecraft:spider_eye":2,"minecraft:mossy_cobblestone":14,"minecraft:diamond":16,"minecraft:deepslate":1,"quark:hollow_birch_log":5,"minecraft:bread":16,"minecraft:emerald":3,"minecraft:baked_potato":20,"minecraft:coal":158,"minecraft:ender_pearl":1},"minecraft:crafted":{"quark:birch_chest":1,"naturalist:cooked_venison":3,"minecraft:birch_boat":1,"minecraft:furnace":1,"simplyswords:diamond_twinblade":1,"minecraft:diamond_helmet":1,"minecraft:stone_pickaxe":4,"minecraft:birch_door":3,"minecraft:stone_hoe":2,"minecraft:cooked_rabbit":1,"minecraft:wheat":36,"minecraft:cooked_cod":1,"minecraft:emerald":4,"minecraft:crafting_table":5,"minecraft:wooden_pickaxe":2,"farmersdelight:egg_sandwich":14,"minecraft:birch_planks":128,"minecraft:stone_axe":1,"minecraft:bread":14,"minecraft:air":0,"minecraft:iron_chestplate":1,"minecraft:charcoal":14,"minecraft:stick":32,"minecraft:iron_ingot":20,"minecraft:iron_pickaxe":1,"minecraft:wooden_axe":1,"minecraft:stone_sword":1,"minecraft:gold_ingot":15,"minecraft:torch":52},"minecraft:killed":{"minecraft:witch":1,"minecraft:spider":5,"aquaculture:smallmouth_bass":1,"minecraft:cod":1,"minecraft:skeleton":7,"touhou_little_maid:fairy":7,"minecraft:rabbit":1,"minecraft:creeper":1,"minecraft:zombie":10,"iceandfire:ghost":8,"minecraft:stray":1,"iceandfire:pixie":1},"minecraft:broken":{"minecraft:wooden_pickaxe":1,"minecraft:stone_pickaxe":5,"minecraft:shield":1,"minecraft:iron_pickaxe":1,"minecraft:wooden_axe":1}},"DataVersion":3465}