{"stats":{"minecraft:killed_by":{"touhou_little_maid:fairy":1,"minecraft:player":1},"minecraft:custom":{"minecraft:time_since_rest":10283,"minecraft:sprint_one_cm":34787,"minecraft:damage_taken":788,"minecraft:walk_one_cm":148736,"minecraft:mob_kills":4,"minecraft:drop":17,"minecraft:damage_dealt":1215,"minecraft:interact_with_crafting_table":1,"minecraft:fly_one_cm":6618,"minecraft:open_barrel":1,"minecraft:open_chest":2,"minecraft:crouch_one_cm":528,"minecraft:play_time":34425,"minecraft:deaths":2,"minecraft:sneak_time":76,"minecraft:jump":284,"minecraft:time_since_death":10063,"minecraft:interact_with_smoker":1,"minecraft:total_world_time":34425,"minecraft:fall_one_cm":2917},"minecraft:dropped":{"minecraft:cobblestone":15,"minecraft:stone_pickaxe":1,"minecraft:iron_pickaxe":1},"minecraft:used":{"minecraft:diamond_pickaxe":3,"minecraft:bread":1,"minecraft:stone_pickaxe":11,"minecraft:iron_pickaxe":93,"touhou_little_maid:smart_slab_init":1,"minecraft:torch":6,"minecraft:diamond_sword":34,"minecraft:cobblestone":8,"minecraft:pumpkin_pie":2,"minecraft:cobbled_deepslate":11},"minecraft:mined":{"supplementaries:urn":12,"spelunkers_charm:deepslate_rock_pile_1":1,"minecraft:deepslate_redstone_ore":7,"create:deepslate_zinc_ore":1,"minecraft:tuff":12,"minecraft:deepslate_diamond_ore":6,"spelunkers_charm:deepslate_rock_pile_3":4,"spelunkers_charm:deepslate_rock_pile_2":1,"minecraft:torch":1,"minecraft:glow_lichen":2,"gravestone:gravestone":2,"minecraft:deepslate_iron_ore":1,"iceandfire:deepslate_silver_ore":5,"minecraft:gravel":4,"minecraft:cobblestone":1,"minecraft:deepslate_gold_ore":11,"minecraft:deepslate":40,"minecraft:wall_torch":3,"minecraft:deepslate_copper_ore":5},"minecraft:picked_up":{"minecraft:tipped_arrow":6,"minecraft:raw_iron":10,"minecraft:turtle_helmet":1,"sophisticatedbackpacks:backpack":1,"minecraft:torch":15,"spelunkers_charm:deepslate_rock":15,"minecraft:birch_planks":9,"minecraft:gravel":3,"minecraft:tuff":6,"create:raw_zinc":1,"supplementaries:flax_seeds":1,"minecraft:redstone":32,"skilltree:gem":6,"minecraft:raw_copper":15,"minecraft:bone":14,"minecraft:sugar":1,"minecraft:diamond":11,"minecraft:bow":1,"minecraft:cobbled_deepslate":28,"minecraft:raw_gold":10,"minecraft:rabbit_hide":4,"minecraft:emerald":4,"minecraft:iron_nugget":16,"minecraft:bread":6,"supplementaries:ash":24,"minecraft:iron_pickaxe":2,"iceandfire:raw_silver":5,"minecraft:cobblestone":29},"minecraft:crafted":{"minecraft:diamond_sword":1,"minecraft:diamond_pickaxe":1,"minecraft:stick":8,"minecraft:stone_pickaxe":2},"minecraft:killed":{"minecraft:zombie":3,"touhou_little_maid:fairy":1}},"DataVersion":3465}