{"stats":{"minecraft:killed_by":{"touhou_little_maid:fairy":1,"minecraft:player":1},"minecraft:custom":{"minecraft:mob_kills":4,"minecraft:interact_with_crafting_table":4,"minecraft:open_barrel":1,"minecraft:time_since_death":22063,"minecraft:time_since_rest":22283,"minecraft:sprint_one_cm":35584,"minecraft:damage_taken":864,"minecraft:walk_one_cm":169908,"minecraft:drop":19,"minecraft:damage_dealt":1227,"minecraft:fly_one_cm":7501,"minecraft:open_chest":2,"minecraft:crouch_one_cm":853,"minecraft:play_time":46425,"minecraft:deaths":2,"minecraft:sneak_time":266,"minecraft:jump":347,"minecraft:interact_with_blast_furnace":9,"minecraft:walk_on_water_one_cm":119,"minecraft:total_world_time":46425,"minecraft:interact_with_smoker":1,"minecraft:fall_one_cm":4388},"minecraft:dropped":{"minecraft:cobblestone":15,"minecraft:stick":2,"minecraft:stone_pickaxe":1,"minecraft:iron_pickaxe":1},"minecraft:used":{"minecraft:stone_pickaxe":11,"touhou_little_maid:smart_slab_init":1,"minecraft:torch":11,"minecraft:diamond_pickaxe":3,"minecraft:iron_pickaxe":96,"minecraft:bread":4,"minecraft:diamond_sword":34,"minecraft:cobblestone":8,"minecraft:pumpkin_pie":2,"minecraft:cobbled_deepslate":11},"minecraft:mined":{"minecraft:deepslate_redstone_ore":7,"create:deepslate_zinc_ore":1,"minecraft:tuff":12,"minecraft:deepslate_diamond_ore":6,"minecraft:glow_lichen":2,"minecraft:torch":5,"gravestone:gravestone":2,"iceandfire:deepslate_silver_ore":5,"minecraft:cobblestone":1,"minecraft:deepslate_gold_ore":11,"minecraft:wall_torch":4,"minecraft:deepslate_copper_ore":5,"supplementaries:urn":12,"spelunkers_charm:deepslate_rock_pile_1":1,"minecraft:cobbled_deepslate":3,"spelunkers_charm:deepslate_rock_pile_3":4,"spelunkers_charm:deepslate_rock_pile_2":1,"minecraft:deepslate_iron_ore":1,"minecraft:gravel":4,"minecraft:deepslate":40},"minecraft:picked_up":{"minecraft:turtle_helmet":1,"minecraft:birch_planks":9,"spelunkers_charm:deepslate_rock":15,"minecraft:tuff":6,"create:raw_zinc":1,"supplementaries:flax_seeds":1,"gravestone:obituary":1,"skilltree:gem":6,"minecraft:raw_copper":15,"immersive_melodies:lute":1,"minecraft:bone":14,"minecraft:bow":1,"minecraft:cobbled_deepslate":35,"minecraft:raw_gold":10,"minecraft:rabbit_hide":4,"minecraft:iron_ingot":4,"minecraft:iron_nugget":16,"minecraft:iron_pickaxe":2,"simplyswords:iron_spear":1,"minecraft:iron_boots":1,"minecraft:tipped_arrow":10,"minecraft:stick":1,"minecraft:raw_iron":10,"minecraft:copper_ingot":8,"minecraft:torch":18,"minecraft:gravel":3,"sophisticatedbackpacks:backpack":1,"minecraft:redstone":32,"minecraft:sugar":1,"minecraft:rotten_flesh":1,"minecraft:diamond":11,"minecraft:bread":20,"minecraft:emerald":4,"supplementaries:ash":24,"minecraft:cobblestone":29,"iceandfire:raw_silver":5},"minecraft:crafted":{"minecraft:diamond_sword":1,"minecraft:copper_ingot":15,"sophisticatedbackpacks:gold_backpack":1,"sophisticatedbackpacks:copper_backpack":1,"minecraft:diamond_pickaxe":1,"minecraft:stick":8,"minecraft:stone_pickaxe":2,"minecraft:gold_ingot":10,"sophisticatedbackpacks:iron_backpack":1},"minecraft:killed":{"minecraft:zombie":3,"touhou_little_maid:fairy":1}},"DataVersion":3465}