{"stats":{"minecraft:killed_by":{"touhou_little_maid:fairy":1,"minecraft:player":1},"minecraft:custom":{"minecraft:mob_kills":6,"minecraft:interact_with_crafting_table":4,"minecraft:open_barrel":2,"minecraft:leave_game":1,"minecraft:time_since_death":49215,"minecraft:time_since_rest":49435,"minecraft:sprint_one_cm":79880,"minecraft:damage_taken":997,"minecraft:walk_one_cm":271476,"minecraft:drop":19,"minecraft:damage_dealt":1686,"minecraft:swim_one_cm":563,"minecraft:fly_one_cm":36962,"minecraft:open_chest":3,"minecraft:crouch_one_cm":1266,"waystones:waystone_activated":2,"minecraft:play_time":73577,"minecraft:deaths":2,"minecraft:sneak_time":317,"minecraft:walk_under_water_one_cm":13319,"minecraft:jump":704,"minecraft:interact_with_blast_furnace":9,"minecraft:walk_on_water_one_cm":5361,"minecraft:total_world_time":73577,"minecraft:interact_with_smoker":1,"minecraft:fall_one_cm":9594},"minecraft:dropped":{"minecraft:cobblestone":15,"minecraft:stick":2,"minecraft:stone_pickaxe":1,"minecraft:iron_pickaxe":1},"minecraft:used":{"minecraft:diorite":18,"minecraft:stone_pickaxe":143,"touhou_little_maid:smart_slab_init":1,"minecraft:torch":13,"minecraft:diamond_pickaxe":49,"minecraft:iron_pickaxe":260,"minecraft:bread":11,"minecraft:diamond_sword":41,"minecraft:cobblestone":8,"minecraft:pumpkin_pie":2,"minecraft:cobbled_deepslate":27},"minecraft:mined":{"minecraft:deepslate_redstone_ore":12,"create:deepslate_zinc_ore":1,"minecraft:tuff":13,"iceandfire:silver_ore":1,"minecraft:deepslate_diamond_ore":6,"minecraft:crafting_table":1,"minecraft:glow_lichen":2,"minecraft:torch":5,"gravestone:gravestone":2,"minecraft:blast_furnace":1,"spelunkers_charm:dead_grass":3,"iceandfire:deepslate_silver_ore":5,"minecraft:copper_ore":6,"minecraft:cobblestone":1,"minecraft:deepslate_gold_ore":11,"minecraft:diorite":30,"minecraft:wall_torch":5,"minecraft:deepslate_copper_ore":6,"supplementaries:urn":12,"spelunkers_charm:deepslate_rock_pile_1":1,"minecraft:coarse_dirt":1,"minecraft:redstone_ore":3,"minecraft:iron_ore":19,"minecraft:cobbled_deepslate":3,"spelunkers_charm:deepslate_rock_pile_3":4,"spelunkers_charm:deepslate_rock_pile_2":1,"minecraft:coal_ore":20,"minecraft:deepslate_iron_ore":1,"minecraft:gravel":4,"minecraft:dirt":8,"minecraft:stone":214,"minecraft:gold_ore":3,"minecraft:deepslate":68},"minecraft:picked_up":{"minecraft:crafting_table":1,"minecraft:coarse_dirt":1,"minecraft:rabbit_stew":2,"minecraft:turtle_helmet":1,"minecraft:birch_planks":9,"spelunkers_charm:deepslate_rock":15,"minecraft:tuff":7,"create:raw_zinc":1,"supplementaries:flax_seeds":1,"gravestone:obituary":1,"skilltree:gem":12,"minecraft:dirt":8,"minecraft:raw_copper":39,"immersive_melodies:lute":1,"minecraft:bone":14,"minecraft:bow":1,"minecraft:cobbled_deepslate":63,"minecraft:raw_gold":13,"minecraft:rabbit_hide":4,"minecraft:iron_ingot":4,"minecraft:iron_nugget":16,"minecraft:iron_pickaxe":2,"simplyswords:iron_spear":1,"minecraft:iron_boots":1,"minecraft:tipped_arrow":10,"minecraft:stick":4,"minecraft:raw_iron":29,"minecraft:copper_ingot":8,"minecraft:torch":20,"minecraft:gravel":3,"sophisticatedbackpacks:backpack":1,"minecraft:blast_furnace":1,"minecraft:diorite":30,"minecraft:redstone":68,"minecraft:sugar":1,"minecraft:rotten_flesh":1,"minecraft:diamond":11,"minecraft:bread":20,"minecraft:emerald":4,"supplementaries:ash":24,"minecraft:coal":20,"minecraft:cobblestone":243,"iceandfire:raw_silver":6},"minecraft:crafted":{"minecraft:diamond_sword":1,"minecraft:copper_ingot":15,"sophisticatedbackpacks:gold_backpack":1,"sophisticatedbackpacks:copper_backpack":1,"minecraft:diamond_pickaxe":1,"minecraft:stick":8,"minecraft:stone_pickaxe":2,"minecraft:gold_ingot":10,"sophisticatedbackpacks:iron_backpack":1},"minecraft:killed":{"friendsandfoes:glare":1,"minecraft:zombie":3,"touhou_little_maid:fairy":2},"minecraft:broken":{"minecraft:stone_pickaxe":1,"minecraft:iron_pickaxe":1}},"DataVersion":3465}