{"stats":{"minecraft:killed_by":{"minecraft:player":1},"minecraft:custom":{"minecraft:time_since_rest":13659,"minecraft:sprint_one_cm":12795,"minecraft:damage_taken":253,"minecraft:walk_one_cm":92437,"minecraft:mob_kills":2,"minecraft:drop":17,"minecraft:damage_dealt":270,"minecraft:interact_with_crafting_table":1,"minecraft:fly_one_cm":3610,"minecraft:open_barrel":1,"minecraft:open_chest":2,"minecraft:crouch_one_cm":372,"minecraft:play_time":22425,"minecraft:deaths":1,"minecraft:sneak_time":60,"minecraft:jump":161,"minecraft:time_since_death":13493,"minecraft:interact_with_smoker":1,"minecraft:total_world_time":22425,"minecraft:fall_one_cm":1769},"minecraft:dropped":{"minecraft:cobblestone":15,"minecraft:stone_pickaxe":1,"minecraft:iron_pickaxe":1},"minecraft:used":{"minecraft:diamond_pickaxe":3,"minecraft:bread":1,"minecraft:stone_pickaxe":11,"minecraft:iron_pickaxe":63,"touhou_little_maid:smart_slab_init":1,"minecraft:torch":4,"minecraft:diamond_sword":7,"minecraft:cobblestone":8},"minecraft:mined":{"supplementaries:urn":6,"spelunkers_charm:deepslate_rock_pile_1":1,"minecraft:deepslate_redstone_ore":1,"create:deepslate_zinc_ore":1,"minecraft:tuff":7,"minecraft:deepslate_diamond_ore":6,"spelunkers_charm:deepslate_rock_pile_3":4,"spelunkers_charm:deepslate_rock_pile_2":1,"minecraft:glow_lichen":2,"gravestone:gravestone":1,"minecraft:deepslate_iron_ore":1,"minecraft:gravel":4,"minecraft:cobblestone":1,"minecraft:deepslate_gold_ore":11,"minecraft:deepslate":30,"minecraft:wall_torch":3,"minecraft:deepslate_copper_ore":2},"minecraft:picked_up":{"minecraft:tipped_arrow":6,"minecraft:raw_iron":1,"minecraft:turtle_helmet":1,"minecraft:torch":14,"spelunkers_charm:deepslate_rock":15,"minecraft:birch_planks":9,"minecraft:gravel":3,"minecraft:tuff":1,"create:raw_zinc":1,"supplementaries:flax_seeds":1,"minecraft:redstone":4,"skilltree:gem":5,"minecraft:raw_copper":5,"minecraft:bone":4,"minecraft:diamond":11,"minecraft:cobbled_deepslate":20,"minecraft:raw_gold":10,"supplementaries:ash":19,"minecraft:iron_pickaxe":2,"minecraft:cobblestone":29},"minecraft:crafted":{"minecraft:diamond_sword":1,"minecraft:diamond_pickaxe":1,"minecraft:stick":8,"minecraft:stone_pickaxe":2},"minecraft:killed":{"minecraft:zombie":1,"touhou_little_maid:fairy":1}},"DataVersion":3465}