{"stats":{"minecraft:killed_by":{"minecraft:player":1},"minecraft:custom":{"minecraft:open_barrel":1,"minecraft:time_since_rest":1659,"minecraft:open_chest":2,"minecraft:crouch_one_cm":100,"minecraft:play_time":10425,"minecraft:sprint_one_cm":2360,"minecraft:deaths":1,"minecraft:damage_taken":211,"minecraft:walk_one_cm":22564,"minecraft:sneak_time":28,"minecraft:jump":31,"minecraft:damage_dealt":8,"minecraft:time_since_death":1493,"minecraft:total_world_time":10425,"minecraft:interact_with_smoker":1,"minecraft:interact_with_crafting_table":1,"minecraft:fall_one_cm":209,"minecraft:fly_one_cm":1123},"minecraft:used":{"touhou_little_maid:smart_slab_init":1,"minecraft:diamond_pickaxe":1,"minecraft:cobblestone":1,"minecraft:stone_pickaxe":1},"minecraft:mined":{"create:deepslate_zinc_ore":1,"minecraft:cobblestone":1,"gravestone:gravestone":1},"minecraft:picked_up":{"minecraft:tipped_arrow":6,"minecraft:turtle_helmet":1,"minecraft:diamond":5,"minecraft:birch_planks":9,"create:raw_zinc":1,"minecraft:cobblestone":29},"minecraft:crafted":{"minecraft:diamond_sword":1,"minecraft:diamond_pickaxe":1,"minecraft:stick":8,"minecraft:stone_pickaxe":2}},"DataVersion":3465}