{"stats":{"minecraft:killed_by":{"iceandfire:ice_dragon":4,"iceandfire:ghost":3},"minecraft:custom":{"minecraft:interact_with_crafting_table":94,"minecraft:open_barrel":33,"goblintraders:trade_with_goblin":90,"minecraft:leave_game":2,"minecraft:time_since_death":248853,"minecraft:sprint_one_cm":1109110,"minecraft:damage_blocked_by_shield":315,"minecraft:drop":45,"minecraft:play_noteblock":6,"minecraft:talked_to_villager":75,"minecraft:play_time":418894,"minecraft:deaths":7,"minecraft:jump":7061,"minecraft:walk_on_water_one_cm":59462,"minecraft:interact_with_furnace":62,"minecraft:traded_with_villager":146,"minecraft:sleep_in_bed":14,"minecraft:damage_dealt":27816,"minecraft:player_kills":1,"waystones:waystone_activated":2,"minecraft:crouch_one_cm":93550,"minecraft:interact_with_smoker":17,"minecraft:inspect_dispenser":1,"minecraft:inspect_dropper":1,"minecraft:mob_kills":154,"minecraft:interact_with_anvil":1,"minecraft:climb_one_cm":4460,"minecraft:walk_one_cm":869753,"minecraft:target_hit":1,"minecraft:sneak_time":32569,"minecraft:walk_under_water_one_cm":38919,"minecraft:boat_one_cm":110936,"minecraft:interact_with_blast_furnace":22,"minecraft:total_world_time":418894,"minecraft:tune_noteblock":5,"minecraft:time_since_rest":50220,"minecraft:damage_taken":4966,"minecraft:trigger_trapped_chest":1,"minecraft:swim_one_cm":261457,"minecraft:fly_one_cm":1224360,"minecraft:open_chest":80,"minecraft:fall_one_cm":152561},"minecraft:dropped":{"aquaculture:carp":1,"minecraft:cooked_porkchop":2,"immersive_melodies:vielle":1,"friendsandfoes:totem_of_illusion":1,"minecraft:dirt":3,"minecraft:birch_sapling":1,"endrem:old_eye":1,"minecraft:rotten_flesh":3,"iceandfire:armor_silver_metal_boots":1,"iceandfire:pixie_dust":2,"minecraft:arrow":323,"minecraft:iron_ingot":13,"minecraft:bread":6,"minecraft:wheat_seeds":2,"minecraft:mushroom_stew":1,"minecraft:stick":3,"minecraft:torch":4,"minecraft:string":1,"minecraft:bowl":2,"sophisticatedbackpacks:backpack":1,"skilltree:silent_quiver":3,"minecraft:potato":3,"minecraft:shield":1,"minecraft:wooden_pickaxe":1,"farmersdelight:cake_slice":5},"minecraft:used":{"minecraft:iron_shovel":26,"minecraft:shield":11,"touhou_little_maid:smart_slab_init":1,"naturalist:cooked_venison":7,"minecraft:axolotl_bucket":3,"touhou_little_maid:power_point":13,"minecraft:lantern":26,"minecraft:birch_sapling":60,"minecraft:stone_bricks":6,"minecraft:item_frame":3,"minecraft:bow":53,"minecraft:hay_block":1,"minecraft:sweet_berries":35,"minecraft:furnace":9,"simplyswords:iron_rapier":83,"minecraft:stone_pickaxe":400,"minecraft:wooden_pickaxe":9,"minecraft:sugar_cane":24,"farmersdelight:pumpkin_slice":24,"minecraft:white_wool":1,"minecraft:mushroom_stew":5,"minecraft:blast_furnace":2,"farmersdelight:cod_roll":1,"minecraft:shears":1,"minecraft:bread":57,"minecraft:gravel":12,"touhou_little_maid:smart_slab_has_maid":6,"minecraft:stripped_oak_wood":2,"minecraft:birch_log":5,"simplyswords:iron_glaive":464,"minecraft:coarse_dirt":1,"minecraft:cobweb":2,"minecraft:stick":2,"minecraft:torch":110,"minecraft:dirt":27,"minecraft:iron_axe":614,"vinery:grapevine_stem":2,"minecraft:smooth_basalt":15,"spelunkers_charm:rock":3,"farmersdelight:chocolate_pie_slice":1,"minecraft:cooked_beef":2,"minecraft:cobbled_deepslate":50,"vinery:red_grape":1,"minecraft:cooked_mutton":1,"farmersdelight:iron_knife":7,"minecraft:water_bucket":25,"minecraft:birch_planks":1,"minecraft:baked_potato":1,"minecraft:birch_boat":1,"minecraft:fletching_table":1,"minecraft:crafting_table":29,"minecraft:white_bed":9,"minecraft:campfire":1,"minecraft:cake":1,"minecraft:smoker":4,"minecraft:diamond_pickaxe":1068,"minecraft:apple":4,"farmersdelight:cake_slice":2,"minecraft:iron_pickaxe":444,"minecraft:stone_axe":105,"minecraft:cobblestone":198,"minecraft:cooked_porkchop":4,"minecraft:bucket":30},"minecraft:mined":{"create:deepslate_zinc_ore":9,"minecraft:white_bed":8,"minecraft:carved_pumpkin":1,"minecraft:grass_block":11,"minecraft:coal_block":3,"minecraft:cobbled_deepslate":2,"minecraft:fire":4,"minecraft:iron_ore":114,"minecraft:pumpkin":6,"minecraft:deepslate_lapis_ore":17,"create:asurine":11,"minecraft:pointed_dripstone":8,"iceandfire:gold_pile":3,"minecraft:dirt_path":1,"amendments:wall_lantern":13,"create:limestone":1,"minecraft:spruce_slab":1,"farmersdelight:wild_potatoes":11,"minecraft:deepslate_redstone_ore":15,"minecraft:brown_mushroom":3,"minecraft:blackstone":37,"minecraft:smoker":5,"minecraft:powder_snow":33,"minecraft:torch":23,"iceandfire:dragon_ice_spikes":1,"minecraft:blast_furnace":4,"minecraft:calcite":7,"create:scoria":3,"minecraft:mushroom_stem":4,"spelunkers_charm:deepslate_geyser":1,"minecraft:cobblestone":70,"minecraft:sugar_cane":14,"minecraft:wall_torch":5,"minecraft:birch_sapling":1,"spelunkers_charm:rock_pile_3":1,"minecraft:birch_log":580,"minecraft:lilac":1,"minecraft:stripped_oak_wood":2,"minecraft:grass":25,"minecraft:dirt":23,"minecraft:smooth_basalt":15,"minecraft:red_mushroom_block":14,"create:crimsite":16,"minecraft:oak_leaves":1,"minecraft:deepslate":272,"create:zinc_ore":25,"minecraft:tuff":37,"iceandfire:silver_ore":16,"minecraft:mossy_cobblestone":1,"minecraft:deepslate_diamond_ore":32,"gravestone:gravestone":7,"iceandfire:deepslate_silver_ore":2,"minecraft:brown_mushroom_block":33,"minecraft:red_mushroom":9,"minecraft:large_fern":3,"minecraft:hay_block":15,"spelunkers_charm:deepslate_rock_pile_1":1,"minecraft:furnace":9,"minecraft:andesite":2,"spelunkers_charm:deepslate_rock_pile_2":1,"minecraft:deepslate_iron_ore":74,"minecraft:lantern":13,"minecraft:stone":733,"spelunkers_charm:rock_pile_1":1,"minecraft:podzol":3,"minecraft:crafting_table":20,"minecraft:sculk_sensor":2,"minecraft:tall_grass":3,"minecraft:copper_ore":32,"minecraft:deepslate_coal_ore":4,"minecraft:lapis_ore":10,"minecraft:deepslate_gold_ore":60,"minecraft:sculk":2,"supplementaries:urn":5,"minecraft:coarse_dirt":4,"spelunkers_charm:deepslate_rock_pile_3":1,"minecraft:sweet_berry_bush":15,"minecraft:ice":1,"minecraft:spruce_log":16,"minecraft:birch_leaves":4,"minecraft:coal_ore":193,"minecraft:gravel":17,"minecraft:cobweb":26,"minecraft:stone_bricks":6,"minecraft:gold_ore":9,"minecraft:fern":2},"minecraft:picked_up":{"vinery:red_grape":1,"minecraft:wheat":7,"minecraft:smithing_table":1,"minecraft:string":56,"minecraft:raw_copper":125,"create:limestone":1,"minecraft:sea_pickle":1,"minecraft:activator_rail":3,"minecraft:gold_nugget":18,"minecraft:cobbled_deepslate":282,"bosses_of_mass_destruction:soul_star":1,"artifacts:aqua_dashers":1,"minecraft:calcite":7,"minecraft:coal_block":3,"farmersdelight:cabbage_seeds":7,"minecraft:furnace":9,"minecraft:tipped_arrow":48,"iceandfire:pixie_dust":4,"minecraft:stick":68,"minecraft:torch":102,"minecraft:porkchop":5,"minecraft:pointed_dripstone":11,"quark:ancient_tome":1,"minecraft:rotten_flesh":62,"create:scoria":3,"create:asurine":11,"minecraft:carved_pumpkin":1,"farmersdelight:rope":8,"supplementaries:ash":15,"minecraft:cobblestone":804,"minecraft:birch_log":570,"minecraft:feather":4,"minecraft:cooked_beef":1,"farmersdelight:rice":4,"minecraft:andesite":2,"minecraft:smoker":5,"minecraft:potato":14,"minecraft:flint":2,"minecraft:tuff":39,"create:raw_zinc":34,"minecraft:dirt":52,"skilltree:gem":85,"minecraft:lapis_lazuli":187,"minecraft:lantern":31,"minecraft:name_tag":2,"minecraft:bone":51,"minecraft:bow":2,"minecraft:wheat_seeds":7,"minecraft:raw_gold":75,"farmersdelight:pumpkin_slice":24,"minecraft:rabbit":1,"simplyswords:gold_katana":1,"minecraft:cooked_porkchop":1,"minecraft:mossy_cobblestone":1,"farmersdelight:cake_slice":49,"minecraft:green_concrete":1,"minecraft:diamond":31,"minecraft:crossbow":1,"minecraft:bread":24,"iceandfire:raw_silver":17,"minecraft:crafting_table":20,"minecraft:charcoal":2,"minecraft:coarse_dirt":4,"minecraft:chicken":2,"minecraft:clay_ball":9,"naturalist:venison":3,"minecraft:brown_mushroom":11,"friendsandfoes:totem_of_illusion":1,"spelunkers_charm:deepslate_rock":15,"gravestone:obituary":1,"minecraft:moss_carpet":1,"minecraft:iron_axe":1,"farmersdelight:chocolate_pie_slice":1,"minecraft:item_frame":1,"minecraft:blackstone":35,"minecraft:beef":3,"touhou_little_maid:maid_backpack_middle":1,"minecraft:sugar_cane":27,"minecraft:birch_sapling":115,"knightlib:small_essence":40,"minecraft:raw_iron":225,"iceandfire:dragonbone":20,"minecraft:copper_ingot":1,"minecraft:bowl":1,"sophisticatedbackpacks:backpack":1,"farmersdelight:tomato_seeds":10,"minecraft:cake":1,"minecraft:redstone":67,"iceandfire:dragon_skull_ice":1,"minecraft:arrow":182,"minecraft:beetroot_seeds":8,"minecraft:hay_block":15,"aquaculture:carp":1,"minecraft:saddle":1,"minecraft:glow_berries":4,"minecraft:mutton":1,"minecraft:white_wool":1,"minecraft:rail":38,"minecraft:glow_ink_sac":9,"minecraft:leather":6,"minecraft:red_mushroom":18,"spelunkers_charm:old_miners_bundle":2,"minecraft:mushroom_stew":3,"minecraft:gunpowder":9,"minecraft:stone_bricks":6,"minecraft:iron_ingot":8,"minecraft:stripped_oak_wood":2,"knightlib:great_essence":7,"aquaculture:smallmouth_bass":3,"skilltree:silent_quiver":3,"minecraft:smooth_basalt":15,"endrem:old_eye":1,"minecraft:sweet_berries":31,"minecraft:chiseled_stone_bricks":1,"minecraft:gravel":29,"minecraft:spruce_sapling":5,"minecraft:blast_furnace":4,"minecraft:white_bed":8,"minecraft:spruce_log":14,"minecraft:spider_eye":7,"minecraft:pumpkin_seeds":7,"spelunkers_charm:rock":6,"minecraft:coal":437},"minecraft:crafted":{"quark:birch_chest":1,"naturalist:cooked_venison":7,"minecraft:birch_boat":1,"minecraft:cooked_chicken":1,"minecraft:birch_slab":36,"minecraft:cooked_mutton":1,"minecraft:bow":1,"minecraft:diamond_helmet":1,"minecraft:diamond_leggings":2,"sophisticatedbackpacks:copper_backpack":1,"iceandfire:armor_copper_metal_chestplate":1,"minecraft:chest":1,"minecraft:smoker":2,"sophisticatedbackpacks:backpack":1,"minecraft:arrow":160,"minecraft:emerald":123,"minecraft:cooked_porkchop":5,"vinery:grapevine_stem":8,"minecraft:crafting_table":9,"minecraft:spruce_planks":12,"farmersdelight:iron_knife":1,"minecraft:wooden_pickaxe":1,"immersive_melodies:lute":1,"minecraft:copper_ingot":83,"minecraft:fletching_table":1,"minecraft:birch_planks":2144,"minecraft:campfire":1,"simplyswords:iron_glaive":2,"skilltree:silent_quiver":1,"minecraft:iron_chestplate":1,"minecraft:diamond_pickaxe":1,"minecraft:shield":1,"sophisticatedbackpacks:diamond_backpack":1,"minecraft:stick":3992,"minecraft:iron_pickaxe":2,"minecraft:iron_ingot":136,"minecraft:gold_ingot":98,"minecraft:coal":27,"minecraft:furnace":3,"iceandfire:armor_copper_metal_leggings":1,"minecraft:mushroom_stew":3,"immersive_melodies:flute":1,"minecraft:iron_axe":2,"minecraft:stone_pickaxe":11,"simplyswords:iron_rapier":1,"minecraft:diamond_boots":1,"skilltree:golden_ring":2,"minecraft:wheat":126,"sophisticatedbackpacks:iron_backpack":1,"minecraft:cooked_beef":3,"immersive_melodies:vielle":1,"minecraft:bowl":8,"sophisticatedbackpacks:gold_backpack":1,"minecraft:bucket":1,"minecraft:stone_axe":1,"minecraft:bread":42,"minecraft:air":0,"minecraft:white_wool":7,"minecraft:iron_leggings":1,"minecraft:white_bed":2,"minecraft:torch":44,"minecraft:diamond_chestplate":1},"minecraft:killed":{"minecraft:witch":2,"minecraft:spider":8,"aquaculture:smallmouth_bass":3,"naturalist:boar":2,"minecraft:skeleton":25,"friendsandfoes:glare":1,"minecraft:chicken":2,"aquaculture:carp":1,"artifacts:mimic":1,"touhou_little_maid:fairy":27,"minecraft:creeper":5,"minecraft:sheep":1,"minecraft:pillager":2,"minecraft:zombie":48,"iceandfire:pixie":2,"minecraft:glow_squid":4,"minecraft:cow":1,"alexsmobs:seagull":2,"naturalist:deer":3,"minecraft:drowned":4,"minecraft:rabbit":1,"iceandfire:ghost":3,"naturalist:sparrow":1},"minecraft:broken":{"minecraft:stone_pickaxe":2,"minecraft:iron_axe":1,"minecraft:iron_pickaxe":1,"simplyswords:iron_glaive":2}},"DataVersion":3465}