{"stats":{"minecraft:killed_by":{"iceandfire:ice_dragon":4,"iceandfire:ghost":3},"minecraft:custom":{"minecraft:inspect_dropper":1,"minecraft:interact_with_anvil":1,"minecraft:mob_kills":41,"minecraft:interact_with_crafting_table":70,"minecraft:open_barrel":20,"minecraft:leave_game":1,"minecraft:time_since_death":38606,"minecraft:climb_one_cm":3593,"minecraft:sprint_one_cm":512186,"minecraft:walk_one_cm":355210,"minecraft:damage_blocked_by_shield":315,"minecraft:drop":27,"minecraft:play_noteblock":6,"minecraft:talked_to_villager":3,"minecraft:play_time":208647,"minecraft:deaths":7,"minecraft:sneak_time":14858,"minecraft:walk_under_water_one_cm":26313,"minecraft:boat_one_cm":110936,"minecraft:jump":3692,"minecraft:walk_on_water_one_cm":30972,"minecraft:total_world_time":208647,"minecraft:interact_with_furnace":52,"minecraft:tune_noteblock":5,"minecraft:sleep_in_bed":6,"minecraft:time_since_rest":1157,"minecraft:damage_taken":3402,"minecraft:trigger_trapped_chest":1,"minecraft:damage_dealt":8193,"minecraft:player_kills":1,"minecraft:swim_one_cm":228289,"minecraft:fly_one_cm":658799,"minecraft:open_chest":28,"minecraft:crouch_one_cm":41274,"minecraft:interact_with_smoker":15,"minecraft:fall_one_cm":85120,"minecraft:inspect_dispenser":1},"minecraft:dropped":{"minecraft:iron_ingot":4,"aquaculture:carp":1,"minecraft:bread":6,"minecraft:wheat_seeds":2,"minecraft:cooked_porkchop":2,"immersive_melodies:vielle":1,"minecraft:mushroom_stew":1,"minecraft:stick":3,"minecraft:dirt":3,"minecraft:torch":4,"minecraft:string":1,"minecraft:bowl":2,"minecraft:birch_sapling":1,"endrem:old_eye":1,"minecraft:rotten_flesh":3,"minecraft:potato":3,"minecraft:shield":1,"iceandfire:armor_silver_metal_boots":1,"iceandfire:pixie_dust":2,"minecraft:wooden_pickaxe":1},"minecraft:used":{"minecraft:shield":11,"touhou_little_maid:smart_slab_init":1,"naturalist:cooked_venison":7,"minecraft:torch":14,"minecraft:dirt":13,"touhou_little_maid:power_point":8,"minecraft:lantern":10,"vinery:grapevine_stem":2,"minecraft:sweet_berries":35,"minecraft:furnace":9,"vinery:red_grape":1,"minecraft:cooked_mutton":1,"farmersdelight:iron_knife":7,"minecraft:baked_potato":1,"minecraft:stone_pickaxe":400,"minecraft:birch_boat":1,"minecraft:wooden_pickaxe":9,"farmersdelight:pumpkin_slice":24,"minecraft:white_wool":1,"minecraft:crafting_table":18,"minecraft:mushroom_stew":5,"minecraft:campfire":1,"minecraft:white_bed":4,"minecraft:shears":1,"minecraft:smoker":4,"minecraft:apple":4,"minecraft:bread":4,"minecraft:iron_pickaxe":433,"touhou_little_maid:smart_slab_has_maid":2,"minecraft:stone_axe":105,"minecraft:cobblestone":109,"minecraft:stripped_oak_wood":2,"minecraft:cooked_porkchop":4,"minecraft:birch_log":1,"minecraft:bucket":1,"simplyswords:iron_glaive":186,"minecraft:coarse_dirt":1},"minecraft:mined":{"minecraft:white_bed":3,"minecraft:carved_pumpkin":1,"gravestone:gravestone":7,"minecraft:grass_block":11,"minecraft:brown_mushroom_block":33,"minecraft:red_mushroom":9,"minecraft:large_fern":3,"minecraft:hay_block":14,"minecraft:furnace":9,"minecraft:iron_ore":42,"minecraft:pumpkin":6,"amendments:wall_lantern":6,"minecraft:lantern":5,"minecraft:stone":561,"spelunkers_charm:rock_pile_1":1,"minecraft:spruce_slab":1,"minecraft:podzol":3,"minecraft:brown_mushroom":3,"minecraft:smoker":4,"minecraft:powder_snow":33,"iceandfire:dragon_ice_spikes":1,"minecraft:crafting_table":14,"minecraft:torch":10,"minecraft:mushroom_stem":4,"minecraft:tall_grass":1,"minecraft:copper_ore":19,"minecraft:cobblestone":50,"minecraft:sugar_cane":4,"minecraft:wall_torch":3,"minecraft:coarse_dirt":3,"minecraft:birch_log":58,"minecraft:sweet_berry_bush":14,"minecraft:ice":1,"minecraft:lilac":1,"minecraft:spruce_log":16,"minecraft:stripped_oak_wood":2,"minecraft:grass":14,"minecraft:coal_ore":105,"minecraft:gravel":2,"minecraft:dirt":9,"minecraft:cobweb":24,"minecraft:red_mushroom_block":14,"minecraft:gold_ore":7,"create:crimsite":16,"minecraft:fern":2},"minecraft:picked_up":{"minecraft:coarse_dirt":3,"minecraft:crafting_table":14,"vinery:red_grape":1,"minecraft:chicken":1,"naturalist:venison":3,"minecraft:brown_mushroom":11,"gravestone:obituary":1,"minecraft:string":23,"minecraft:raw_copper":75,"minecraft:sea_pickle":1,"minecraft:beef":3,"minecraft:sugar_cane":8,"minecraft:birch_sapling":15,"minecraft:furnace":9,"knightlib:small_essence":6,"iceandfire:pixie_dust":4,"minecraft:stick":13,"minecraft:raw_iron":67,"iceandfire:dragonbone":20,"minecraft:copper_ingot":1,"minecraft:torch":15,"minecraft:porkchop":5,"farmersdelight:tomato_seeds":7,"iceandfire:dragon_skull_ice":1,"minecraft:arrow":3,"minecraft:rotten_flesh":7,"minecraft:hay_block":14,"minecraft:carved_pumpkin":1,"aquaculture:carp":1,"supplementaries:ash":1,"minecraft:mutton":1,"minecraft:cobblestone":608,"minecraft:white_wool":1,"minecraft:birch_log":58,"minecraft:feather":4,"minecraft:leather":6,"minecraft:smoker":4,"minecraft:red_mushroom":18,"minecraft:potato":3,"minecraft:mushroom_stew":3,"skilltree:gem":20,"minecraft:dirt":29,"minecraft:lantern":15,"minecraft:bone":6,"minecraft:wheat_seeds":5,"minecraft:raw_gold":7,"farmersdelight:pumpkin_slice":24,"minecraft:iron_ingot":2,"minecraft:stripped_oak_wood":2,"knightlib:great_essence":1,"aquaculture:smallmouth_bass":3,"endrem:old_eye":1,"minecraft:cooked_porkchop":1,"minecraft:sweet_berries":31,"minecraft:chiseled_stone_bricks":1,"minecraft:gravel":16,"minecraft:spruce_sapling":5,"minecraft:white_bed":3,"minecraft:spruce_log":14,"minecraft:pumpkin_seeds":4,"minecraft:green_concrete":1,"spelunkers_charm:rock":1,"minecraft:coal":251},"minecraft:crafted":{"quark:birch_chest":1,"naturalist:cooked_venison":7,"minecraft:birch_boat":1,"minecraft:cooked_chicken":1,"minecraft:birch_slab":36,"minecraft:furnace":3,"iceandfire:armor_copper_metal_leggings":1,"minecraft:mushroom_stew":3,"immersive_melodies:flute":1,"minecraft:cooked_mutton":1,"sophisticatedbackpacks:copper_backpack":1,"iceandfire:armor_copper_metal_chestplate":1,"minecraft:stone_pickaxe":4,"minecraft:chest":1,"sophisticatedbackpacks:iron_backpack":1,"minecraft:smoker":2,"minecraft:wheat":126,"minecraft:cooked_beef":3,"sophisticatedbackpacks:backpack":1,"minecraft:cooked_porkchop":5,"vinery:grapevine_stem":8,"minecraft:crafting_table":5,"farmersdelight:iron_knife":1,"minecraft:wooden_pickaxe":1,"immersive_melodies:vielle":1,"minecraft:bowl":8,"immersive_melodies:lute":1,"minecraft:copper_ingot":23,"minecraft:bucket":1,"minecraft:birch_planks":160,"minecraft:campfire":1,"minecraft:stone_axe":1,"minecraft:bread":27,"minecraft:air":0,"simplyswords:iron_glaive":1,"minecraft:iron_chestplate":1,"minecraft:white_wool":7,"minecraft:shield":1,"minecraft:stick":36,"minecraft:iron_ingot":39,"minecraft:iron_pickaxe":2,"minecraft:iron_leggings":1,"minecraft:white_bed":2,"minecraft:torch":8},"minecraft:killed":{"minecraft:spider":2,"aquaculture:smallmouth_bass":3,"alexsmobs:seagull":1,"naturalist:boar":2,"minecraft:skeleton":4,"naturalist:deer":3,"minecraft:chicken":1,"minecraft:drowned":4,"aquaculture:carp":1,"touhou_little_maid:fairy":5,"minecraft:sheep":1,"minecraft:zombie":6,"iceandfire:ghost":3,"iceandfire:pixie":2,"naturalist:sparrow":1,"minecraft:cow":1},"minecraft:broken":{"minecraft:stone_pickaxe":2,"minecraft:iron_pickaxe":1}},"DataVersion":3465}