{"stats":{"minecraft:killed_by":{"iceandfire:ice_dragon":4,"iceandfire:ghost":3},"minecraft:custom":{"minecraft:interact_with_crafting_table":86,"minecraft:open_barrel":28,"minecraft:leave_game":2,"minecraft:time_since_death":170853,"minecraft:sprint_one_cm":901152,"minecraft:damage_blocked_by_shield":315,"minecraft:drop":40,"minecraft:play_noteblock":6,"minecraft:talked_to_villager":75,"minecraft:play_time":340894,"minecraft:deaths":7,"minecraft:jump":5371,"minecraft:walk_on_water_one_cm":38756,"minecraft:interact_with_furnace":60,"minecraft:traded_with_villager":146,"minecraft:sleep_in_bed":12,"minecraft:damage_dealt":13049,"minecraft:player_kills":1,"waystones:waystone_activated":2,"minecraft:crouch_one_cm":75025,"minecraft:interact_with_smoker":16,"minecraft:inspect_dispenser":1,"minecraft:inspect_dropper":1,"minecraft:mob_kills":73,"minecraft:interact_with_anvil":1,"minecraft:climb_one_cm":4460,"minecraft:walk_one_cm":683648,"minecraft:target_hit":1,"minecraft:sneak_time":26501,"minecraft:walk_under_water_one_cm":28570,"minecraft:boat_one_cm":110936,"minecraft:interact_with_blast_furnace":19,"minecraft:total_world_time":340894,"minecraft:tune_noteblock":5,"minecraft:time_since_rest":15480,"minecraft:damage_taken":3905,"minecraft:trigger_trapped_chest":1,"minecraft:swim_one_cm":238018,"minecraft:fly_one_cm":957778,"minecraft:open_chest":66,"minecraft:fall_one_cm":118960},"minecraft:dropped":{"aquaculture:carp":1,"minecraft:cooked_porkchop":2,"immersive_melodies:vielle":1,"friendsandfoes:totem_of_illusion":1,"minecraft:dirt":3,"minecraft:birch_sapling":1,"endrem:old_eye":1,"minecraft:rotten_flesh":3,"iceandfire:armor_silver_metal_boots":1,"iceandfire:pixie_dust":2,"minecraft:arrow":323,"minecraft:iron_ingot":6,"minecraft:bread":6,"minecraft:wheat_seeds":2,"minecraft:mushroom_stew":1,"minecraft:stick":3,"minecraft:torch":4,"minecraft:string":1,"minecraft:bowl":2,"skilltree:silent_quiver":3,"minecraft:potato":3,"minecraft:shield":1,"minecraft:wooden_pickaxe":1},"minecraft:used":{"minecraft:iron_shovel":17,"minecraft:shield":11,"touhou_little_maid:smart_slab_init":1,"naturalist:cooked_venison":7,"touhou_little_maid:power_point":10,"minecraft:lantern":21,"minecraft:birch_sapling":60,"minecraft:stone_bricks":6,"minecraft:item_frame":3,"minecraft:bow":23,"minecraft:hay_block":1,"minecraft:sweet_berries":35,"minecraft:furnace":9,"minecraft:stone_pickaxe":400,"minecraft:wooden_pickaxe":9,"minecraft:sugar_cane":24,"farmersdelight:pumpkin_slice":24,"minecraft:white_wool":1,"minecraft:mushroom_stew":5,"minecraft:blast_furnace":1,"farmersdelight:cod_roll":1,"minecraft:shears":1,"minecraft:bread":26,"minecraft:gravel":12,"touhou_little_maid:smart_slab_has_maid":6,"minecraft:stripped_oak_wood":2,"minecraft:birch_log":5,"simplyswords:iron_glaive":264,"minecraft:coarse_dirt":1,"minecraft:cobweb":2,"minecraft:stick":2,"minecraft:torch":14,"minecraft:dirt":25,"minecraft:iron_axe":611,"vinery:grapevine_stem":2,"spelunkers_charm:rock":3,"farmersdelight:chocolate_pie_slice":1,"minecraft:cooked_beef":2,"vinery:red_grape":1,"minecraft:cooked_mutton":1,"farmersdelight:iron_knife":7,"minecraft:birch_planks":1,"minecraft:baked_potato":1,"minecraft:birch_boat":1,"minecraft:fletching_table":1,"minecraft:crafting_table":26,"minecraft:white_bed":7,"minecraft:campfire":1,"minecraft:cake":1,"minecraft:smoker":4,"minecraft:diamond_pickaxe":555,"minecraft:apple":4,"minecraft:iron_pickaxe":444,"minecraft:stone_axe":105,"minecraft:cobblestone":138,"minecraft:cooked_porkchop":4,"minecraft:bucket":1},"minecraft:mined":{"create:deepslate_zinc_ore":4,"minecraft:white_bed":6,"minecraft:carved_pumpkin":1,"minecraft:grass_block":11,"minecraft:coal_block":3,"minecraft:iron_ore":106,"minecraft:pumpkin":6,"minecraft:deepslate_lapis_ore":11,"iceandfire:gold_pile":3,"minecraft:dirt_path":1,"amendments:wall_lantern":12,"create:limestone":1,"minecraft:spruce_slab":1,"farmersdelight:wild_potatoes":11,"minecraft:deepslate_redstone_ore":8,"minecraft:brown_mushroom":3,"minecraft:smoker":4,"minecraft:powder_snow":33,"minecraft:torch":10,"iceandfire:dragon_ice_spikes":1,"minecraft:blast_furnace":2,"minecraft:calcite":1,"create:scoria":3,"minecraft:mushroom_stem":4,"minecraft:cobblestone":57,"minecraft:sugar_cane":14,"minecraft:wall_torch":3,"minecraft:birch_sapling":1,"spelunkers_charm:rock_pile_3":1,"minecraft:birch_log":580,"minecraft:lilac":1,"minecraft:stripped_oak_wood":2,"minecraft:grass":25,"minecraft:dirt":18,"minecraft:red_mushroom_block":14,"create:crimsite":16,"minecraft:oak_leaves":1,"minecraft:deepslate":140,"create:zinc_ore":25,"minecraft:tuff":4,"iceandfire:silver_ore":16,"minecraft:mossy_cobblestone":1,"minecraft:deepslate_diamond_ore":5,"gravestone:gravestone":7,"iceandfire:deepslate_silver_ore":1,"minecraft:brown_mushroom_block":33,"minecraft:red_mushroom":9,"minecraft:large_fern":3,"minecraft:hay_block":15,"minecraft:furnace":9,"minecraft:andesite":2,"spelunkers_charm:deepslate_rock_pile_2":1,"minecraft:deepslate_iron_ore":43,"minecraft:lantern":10,"minecraft:stone":636,"spelunkers_charm:rock_pile_1":1,"minecraft:podzol":3,"minecraft:crafting_table":19,"minecraft:tall_grass":3,"minecraft:copper_ore":32,"minecraft:deepslate_coal_ore":4,"minecraft:lapis_ore":9,"minecraft:deepslate_gold_ore":11,"minecraft:sculk":2,"minecraft:coarse_dirt":3,"minecraft:sweet_berry_bush":15,"minecraft:ice":1,"minecraft:spruce_log":16,"minecraft:birch_leaves":4,"minecraft:coal_ore":192,"minecraft:gravel":16,"minecraft:cobweb":26,"minecraft:stone_bricks":6,"minecraft:gold_ore":9,"minecraft:fern":2},"minecraft:picked_up":{"vinery:red_grape":1,"minecraft:wheat":7,"minecraft:smithing_table":1,"minecraft:string":26,"minecraft:raw_copper":125,"create:limestone":1,"minecraft:sea_pickle":1,"minecraft:activator_rail":3,"minecraft:gold_nugget":18,"minecraft:cobbled_deepslate":138,"minecraft:calcite":1,"minecraft:coal_block":3,"minecraft:furnace":9,"iceandfire:pixie_dust":4,"minecraft:stick":68,"minecraft:torch":15,"minecraft:porkchop":5,"minecraft:rotten_flesh":23,"create:scoria":3,"minecraft:carved_pumpkin":1,"farmersdelight:rope":8,"supplementaries:ash":1,"minecraft:cobblestone":697,"minecraft:birch_log":570,"minecraft:feather":4,"minecraft:cooked_beef":1,"farmersdelight:rice":4,"minecraft:andesite":2,"minecraft:smoker":4,"minecraft:potato":14,"minecraft:flint":2,"minecraft:tuff":4,"create:raw_zinc":29,"minecraft:dirt":47,"skilltree:gem":61,"minecraft:lapis_lazuli":132,"minecraft:lantern":27,"minecraft:name_tag":2,"minecraft:bone":17,"minecraft:wheat_seeds":6,"minecraft:raw_gold":26,"farmersdelight:pumpkin_slice":24,"simplyswords:gold_katana":1,"minecraft:cooked_porkchop":1,"minecraft:mossy_cobblestone":1,"farmersdelight:cake_slice":49,"minecraft:green_concrete":1,"minecraft:diamond":5,"minecraft:bread":24,"iceandfire:raw_silver":16,"minecraft:crafting_table":19,"minecraft:charcoal":2,"minecraft:coarse_dirt":3,"minecraft:chicken":1,"naturalist:venison":3,"minecraft:brown_mushroom":11,"friendsandfoes:totem_of_illusion":1,"spelunkers_charm:deepslate_rock":3,"gravestone:obituary":1,"minecraft:iron_axe":1,"farmersdelight:chocolate_pie_slice":1,"minecraft:item_frame":1,"minecraft:beef":3,"touhou_little_maid:maid_backpack_middle":1,"minecraft:sugar_cane":27,"minecraft:birch_sapling":115,"knightlib:small_essence":24,"minecraft:raw_iron":186,"iceandfire:dragonbone":20,"minecraft:copper_ingot":1,"minecraft:bowl":1,"farmersdelight:tomato_seeds":10,"minecraft:cake":1,"minecraft:redstone":35,"iceandfire:dragon_skull_ice":1,"minecraft:arrow":182,"minecraft:beetroot_seeds":6,"minecraft:hay_block":15,"aquaculture:carp":1,"minecraft:saddle":1,"minecraft:mutton":1,"minecraft:white_wool":1,"minecraft:rail":13,"minecraft:glow_ink_sac":9,"minecraft:leather":6,"minecraft:red_mushroom":18,"spelunkers_charm:old_miners_bundle":1,"minecraft:mushroom_stew":3,"minecraft:gunpowder":2,"minecraft:stone_bricks":6,"minecraft:iron_ingot":3,"minecraft:stripped_oak_wood":2,"knightlib:great_essence":4,"aquaculture:smallmouth_bass":3,"skilltree:silent_quiver":3,"endrem:old_eye":1,"minecraft:sweet_berries":31,"minecraft:chiseled_stone_bricks":1,"minecraft:gravel":28,"minecraft:spruce_sapling":5,"minecraft:blast_furnace":2,"minecraft:white_bed":6,"minecraft:spruce_log":14,"minecraft:spider_eye":3,"minecraft:pumpkin_seeds":4,"spelunkers_charm:rock":6,"minecraft:coal":434},"minecraft:crafted":{"quark:birch_chest":1,"naturalist:cooked_venison":7,"minecraft:birch_boat":1,"minecraft:cooked_chicken":1,"minecraft:birch_slab":36,"minecraft:cooked_mutton":1,"minecraft:bow":1,"minecraft:diamond_helmet":1,"minecraft:diamond_leggings":2,"sophisticatedbackpacks:copper_backpack":1,"iceandfire:armor_copper_metal_chestplate":1,"minecraft:chest":1,"minecraft:smoker":2,"sophisticatedbackpacks:backpack":1,"minecraft:arrow":160,"minecraft:emerald":123,"minecraft:cooked_porkchop":5,"vinery:grapevine_stem":8,"minecraft:crafting_table":9,"minecraft:spruce_planks":8,"farmersdelight:iron_knife":1,"minecraft:wooden_pickaxe":1,"immersive_melodies:lute":1,"minecraft:copper_ingot":23,"minecraft:fletching_table":1,"minecraft:birch_planks":2144,"minecraft:campfire":1,"simplyswords:iron_glaive":2,"skilltree:silent_quiver":1,"minecraft:iron_chestplate":1,"minecraft:diamond_pickaxe":1,"minecraft:shield":1,"minecraft:stick":3984,"minecraft:iron_pickaxe":2,"minecraft:iron_ingot":76,"minecraft:gold_ingot":8,"minecraft:coal":27,"minecraft:furnace":3,"iceandfire:armor_copper_metal_leggings":1,"minecraft:mushroom_stew":3,"immersive_melodies:flute":1,"minecraft:iron_axe":2,"minecraft:stone_pickaxe":11,"minecraft:diamond_boots":1,"skilltree:golden_ring":2,"minecraft:wheat":126,"sophisticatedbackpacks:iron_backpack":1,"minecraft:cooked_beef":3,"immersive_melodies:vielle":1,"minecraft:bowl":8,"sophisticatedbackpacks:gold_backpack":1,"minecraft:bucket":1,"minecraft:stone_axe":1,"minecraft:bread":42,"minecraft:air":0,"minecraft:white_wool":7,"minecraft:iron_leggings":1,"minecraft:white_bed":2,"minecraft:torch":8,"minecraft:diamond_chestplate":1},"minecraft:killed":{"minecraft:witch":1,"minecraft:spider":4,"aquaculture:smallmouth_bass":3,"naturalist:boar":2,"minecraft:skeleton":10,"minecraft:chicken":1,"aquaculture:carp":1,"touhou_little_maid:fairy":8,"minecraft:creeper":1,"minecraft:sheep":1,"minecraft:pillager":1,"minecraft:zombie":19,"iceandfire:pixie":2,"minecraft:glow_squid":4,"minecraft:cow":1,"alexsmobs:seagull":2,"naturalist:deer":3,"minecraft:drowned":4,"iceandfire:ghost":3,"naturalist:sparrow":1},"minecraft:broken":{"minecraft:stone_pickaxe":2,"minecraft:iron_axe":1,"minecraft:iron_pickaxe":1,"simplyswords:iron_glaive":1}},"DataVersion":3465}