{"stats":{"minecraft:killed_by":{"iceandfire:ice_dragon":4,"iceandfire:ghost":3},"minecraft:custom":{"minecraft:inspect_dropper":1,"minecraft:interact_with_anvil":1,"minecraft:mob_kills":56,"minecraft:interact_with_crafting_table":82,"minecraft:open_barrel":27,"minecraft:leave_game":2,"minecraft:time_since_death":146853,"minecraft:climb_one_cm":4460,"minecraft:sprint_one_cm":843655,"minecraft:walk_one_cm":634333,"minecraft:damage_blocked_by_shield":315,"minecraft:drop":40,"minecraft:play_noteblock":6,"minecraft:talked_to_villager":75,"minecraft:target_hit":1,"minecraft:play_time":316894,"minecraft:deaths":7,"minecraft:sneak_time":20015,"minecraft:walk_under_water_one_cm":28047,"minecraft:boat_one_cm":110936,"minecraft:jump":5026,"minecraft:interact_with_blast_furnace":13,"minecraft:walk_on_water_one_cm":35832,"minecraft:total_world_time":316894,"minecraft:interact_with_furnace":59,"minecraft:traded_with_villager":146,"minecraft:tune_noteblock":5,"minecraft:sleep_in_bed":11,"minecraft:time_since_rest":10940,"minecraft:damage_taken":3794,"minecraft:trigger_trapped_chest":1,"minecraft:damage_dealt":10566,"minecraft:swim_one_cm":238018,"minecraft:player_kills":1,"minecraft:fly_one_cm":920012,"minecraft:open_chest":65,"minecraft:crouch_one_cm":57160,"waystones:waystone_activated":2,"minecraft:interact_with_smoker":16,"minecraft:fall_one_cm":113903,"minecraft:inspect_dispenser":1},"minecraft:dropped":{"minecraft:bread":6,"aquaculture:carp":1,"minecraft:iron_ingot":6,"minecraft:wheat_seeds":2,"minecraft:cooked_porkchop":2,"immersive_melodies:vielle":1,"minecraft:mushroom_stew":1,"friendsandfoes:totem_of_illusion":1,"minecraft:stick":3,"minecraft:dirt":3,"minecraft:torch":4,"minecraft:string":1,"minecraft:bowl":2,"endrem:old_eye":1,"minecraft:birch_sapling":1,"minecraft:rotten_flesh":3,"skilltree:silent_quiver":3,"minecraft:potato":3,"minecraft:shield":1,"iceandfire:armor_silver_metal_boots":1,"iceandfire:pixie_dust":2,"minecraft:arrow":323,"minecraft:wooden_pickaxe":1},"minecraft:used":{"minecraft:iron_shovel":17,"minecraft:shield":11,"touhou_little_maid:smart_slab_init":1,"minecraft:stick":2,"naturalist:cooked_venison":7,"minecraft:torch":14,"minecraft:dirt":22,"touhou_little_maid:power_point":10,"minecraft:lantern":13,"minecraft:iron_axe":610,"minecraft:birch_sapling":60,"vinery:grapevine_stem":2,"minecraft:stone_bricks":6,"minecraft:item_frame":3,"minecraft:bow":13,"minecraft:hay_block":1,"spelunkers_charm:rock":3,"minecraft:sweet_berries":35,"minecraft:furnace":9,"farmersdelight:chocolate_pie_slice":1,"minecraft:cooked_beef":2,"vinery:red_grape":1,"minecraft:cooked_mutton":1,"farmersdelight:iron_knife":7,"minecraft:birch_planks":1,"minecraft:stone_pickaxe":400,"minecraft:baked_potato":1,"minecraft:wooden_pickaxe":9,"minecraft:birch_boat":1,"minecraft:sugar_cane":24,"minecraft:fletching_table":1,"farmersdelight:pumpkin_slice":24,"minecraft:white_wool":1,"minecraft:mushroom_stew":5,"minecraft:crafting_table":25,"farmersdelight:cod_roll":1,"minecraft:campfire":1,"minecraft:white_bed":6,"minecraft:shears":1,"minecraft:cake":1,"minecraft:smoker":4,"minecraft:diamond_pickaxe":300,"minecraft:apple":4,"minecraft:bread":21,"minecraft:iron_pickaxe":444,"touhou_little_maid:smart_slab_has_maid":6,"minecraft:gravel":12,"minecraft:stone_axe":105,"minecraft:cobblestone":111,"minecraft:cooked_porkchop":4,"minecraft:stripped_oak_wood":2,"minecraft:bucket":1,"minecraft:birch_log":5,"simplyswords:iron_glaive":211,"minecraft:coarse_dirt":1,"minecraft:cobweb":2},"minecraft:mined":{"create:zinc_ore":25,"minecraft:tuff":1,"minecraft:white_bed":5,"iceandfire:silver_ore":12,"minecraft:mossy_cobblestone":1,"minecraft:deepslate_diamond_ore":3,"minecraft:carved_pumpkin":1,"gravestone:gravestone":7,"minecraft:grass_block":11,"minecraft:brown_mushroom_block":33,"minecraft:coal_block":3,"minecraft:red_mushroom":9,"minecraft:large_fern":3,"minecraft:hay_block":15,"minecraft:furnace":9,"minecraft:iron_ore":90,"minecraft:pumpkin":6,"minecraft:deepslate_iron_ore":13,"iceandfire:gold_pile":3,"minecraft:dirt_path":1,"amendments:wall_lantern":7,"minecraft:lantern":7,"minecraft:stone":632,"create:limestone":1,"spelunkers_charm:rock_pile_1":1,"minecraft:spruce_slab":1,"farmersdelight:wild_potatoes":11,"minecraft:podzol":3,"minecraft:brown_mushroom":3,"minecraft:smoker":4,"minecraft:powder_snow":33,"minecraft:crafting_table":18,"iceandfire:dragon_ice_spikes":1,"minecraft:torch":10,"minecraft:blast_furnace":1,"minecraft:mushroom_stem":4,"minecraft:cobblestone":53,"minecraft:copper_ore":32,"minecraft:tall_grass":3,"minecraft:deepslate_coal_ore":4,"minecraft:lapis_ore":9,"minecraft:sugar_cane":14,"minecraft:wall_torch":3,"minecraft:birch_sapling":1,"spelunkers_charm:rock_pile_3":1,"minecraft:coarse_dirt":3,"minecraft:birch_log":580,"minecraft:sweet_berry_bush":15,"minecraft:ice":1,"minecraft:lilac":1,"minecraft:spruce_log":16,"minecraft:birch_leaves":4,"minecraft:stripped_oak_wood":2,"minecraft:grass":25,"minecraft:coal_ore":191,"minecraft:gravel":16,"minecraft:dirt":16,"minecraft:cobweb":26,"minecraft:red_mushroom_block":14,"minecraft:stone_bricks":6,"minecraft:deepslate":3,"minecraft:gold_ore":9,"create:crimsite":16,"minecraft:oak_leaves":1,"minecraft:fern":2},"minecraft:picked_up":{"minecraft:charcoal":2,"minecraft:coarse_dirt":3,"minecraft:crafting_table":18,"minecraft:wheat":7,"vinery:red_grape":1,"minecraft:chicken":1,"minecraft:smithing_table":1,"naturalist:venison":3,"minecraft:brown_mushroom":11,"friendsandfoes:totem_of_illusion":1,"gravestone:obituary":1,"minecraft:string":26,"create:limestone":1,"minecraft:raw_copper":116,"minecraft:iron_axe":1,"minecraft:item_frame":1,"farmersdelight:chocolate_pie_slice":1,"minecraft:sea_pickle":1,"minecraft:cobbled_deepslate":3,"minecraft:gold_nugget":18,"minecraft:beef":3,"minecraft:coal_block":3,"minecraft:sugar_cane":27,"minecraft:birch_sapling":115,"knightlib:small_essence":16,"minecraft:furnace":9,"iceandfire:pixie_dust":4,"minecraft:raw_iron":128,"minecraft:stick":68,"iceandfire:dragonbone":20,"minecraft:copper_ingot":1,"minecraft:torch":15,"minecraft:bowl":1,"minecraft:porkchop":5,"farmersdelight:tomato_seeds":7,"minecraft:cake":1,"iceandfire:dragon_skull_ice":1,"minecraft:arrow":182,"minecraft:rotten_flesh":15,"minecraft:hay_block":15,"minecraft:carved_pumpkin":1,"aquaculture:carp":1,"minecraft:saddle":1,"supplementaries:ash":1,"minecraft:mutton":1,"minecraft:white_wool":1,"minecraft:cobblestone":689,"minecraft:birch_log":570,"minecraft:feather":4,"minecraft:cooked_beef":1,"minecraft:leather":6,"minecraft:smoker":4,"minecraft:potato":14,"minecraft:red_mushroom":18,"minecraft:mushroom_stew":3,"minecraft:flint":2,"minecraft:tuff":1,"create:raw_zinc":25,"minecraft:lapis_lazuli":65,"skilltree:gem":44,"minecraft:dirt":45,"minecraft:lantern":19,"minecraft:name_tag":1,"minecraft:bone":13,"minecraft:stone_bricks":6,"minecraft:wheat_seeds":6,"minecraft:raw_gold":16,"farmersdelight:pumpkin_slice":24,"minecraft:iron_ingot":2,"minecraft:stripped_oak_wood":2,"knightlib:great_essence":2,"aquaculture:smallmouth_bass":3,"skilltree:silent_quiver":3,"endrem:old_eye":1,"minecraft:cooked_porkchop":1,"minecraft:sweet_berries":31,"minecraft:chiseled_stone_bricks":1,"minecraft:gravel":28,"minecraft:spruce_sapling":5,"minecraft:blast_furnace":1,"minecraft:white_bed":5,"minecraft:spruce_log":14,"minecraft:spider_eye":1,"minecraft:mossy_cobblestone":1,"farmersdelight:cake_slice":49,"minecraft:pumpkin_seeds":4,"minecraft:green_concrete":1,"minecraft:diamond":3,"minecraft:bread":16,"iceandfire:raw_silver":12,"spelunkers_charm:rock":6,"minecraft:coal":373},"minecraft:crafted":{"minecraft:coal":27,"quark:birch_chest":1,"naturalist:cooked_venison":7,"minecraft:birch_boat":1,"minecraft:cooked_chicken":1,"minecraft:birch_slab":36,"minecraft:furnace":3,"iceandfire:armor_copper_metal_leggings":1,"minecraft:mushroom_stew":3,"immersive_melodies:flute":1,"minecraft:cooked_mutton":1,"minecraft:diamond_helmet":1,"minecraft:diamond_leggings":2,"minecraft:bow":1,"sophisticatedbackpacks:copper_backpack":1,"minecraft:iron_axe":2,"minecraft:stone_pickaxe":11,"iceandfire:armor_copper_metal_chestplate":1,"minecraft:chest":1,"minecraft:diamond_boots":1,"skilltree:golden_ring":2,"sophisticatedbackpacks:iron_backpack":1,"minecraft:smoker":2,"minecraft:wheat":126,"minecraft:cooked_beef":3,"minecraft:emerald":123,"minecraft:arrow":160,"sophisticatedbackpacks:backpack":1,"minecraft:cooked_porkchop":5,"vinery:grapevine_stem":8,"minecraft:crafting_table":9,"minecraft:spruce_planks":4,"farmersdelight:iron_knife":1,"minecraft:wooden_pickaxe":1,"immersive_melodies:vielle":1,"minecraft:bowl":8,"immersive_melodies:lute":1,"minecraft:copper_ingot":23,"sophisticatedbackpacks:gold_backpack":1,"minecraft:fletching_table":1,"minecraft:bucket":1,"minecraft:birch_planks":2144,"minecraft:campfire":1,"minecraft:stone_axe":1,"minecraft:bread":42,"minecraft:air":0,"simplyswords:iron_glaive":1,"minecraft:iron_chestplate":1,"minecraft:white_wool":7,"skilltree:silent_quiver":1,"minecraft:diamond_pickaxe":1,"minecraft:shield":1,"minecraft:stick":3976,"minecraft:iron_ingot":45,"minecraft:iron_pickaxe":2,"minecraft:iron_leggings":1,"minecraft:gold_ingot":8,"minecraft:white_bed":2,"minecraft:torch":8,"minecraft:diamond_chestplate":1},"minecraft:killed":{"minecraft:spider":3,"aquaculture:smallmouth_bass":3,"alexsmobs:seagull":2,"naturalist:boar":2,"minecraft:skeleton":8,"naturalist:deer":3,"minecraft:chicken":1,"minecraft:drowned":4,"aquaculture:carp":1,"touhou_little_maid:fairy":8,"minecraft:sheep":1,"minecraft:pillager":1,"minecraft:zombie":11,"iceandfire:ghost":3,"iceandfire:pixie":2,"naturalist:sparrow":1,"minecraft:cow":1},"minecraft:broken":{"minecraft:stone_pickaxe":2,"minecraft:iron_axe":1,"minecraft:iron_pickaxe":1,"simplyswords:iron_glaive":1}},"DataVersion":3465}