{"stats":{"minecraft:custom":{"minecraft:interact_with_furnace":32,"minecraft:mob_kills":1,"minecraft:interact_with_cartography_table":1,"minecraft:tune_noteblock":3,"minecraft:interact_with_crafting_table":26,"minecraft:leave_game":12,"minecraft:time_since_death":69141,"minecraft:sleep_in_bed":1,"minecraft:climb_one_cm":5079,"minecraft:time_since_rest":1836,"minecraft:sprint_one_cm":21436,"minecraft:damage_taken":196,"minecraft:walk_one_cm":184785,"minecraft:drop":1,"minecraft:damage_dealt":135,"minecraft:fly_one_cm":9273,"minecraft:open_chest":7,"minecraft:crouch_one_cm":15,"minecraft:play_time":69141,"minecraft:sneak_time":111,"minecraft:walk_under_water_one_cm":173,"minecraft:boat_one_cm":54129,"minecraft:jump":354,"minecraft:walk_on_water_one_cm":2158,"minecraft:total_world_time":69141,"minecraft:fall_one_cm":4698},"minecraft:dropped":{"simplyswords:iron_longsword":1},"minecraft:used":{"iceandfire:armor_copper_metal_leggings":1,"minecraft:stone_pickaxe":333,"minecraft:baked_potato":2,"minecraft:wooden_pickaxe":4,"minecraft:rotten_flesh":2,"minecraft:torch":2,"iceandfire:armor_copper_metal_boots":1,"minecraft:crafting_table":5,"minecraft:spruce_log":1,"iceandfire:silver_pickaxe":20,"iceandfire:armor_copper_metal_chestplate":1,"iceandfire:copper_shovel":5,"minecraft:lantern":2,"minecraft:birch_sapling":2,"simplyswords:iron_longsword":1,"minecraft:spruce_sapling":10,"minecraft:gravel":1,"iceandfire:copper_pickaxe":4,"minecraft:stone_axe":25,"minecraft:cobblestone":1,"minecraft:sweet_berries":3,"minecraft:furnace":2,"iceandfire:armor_copper_metal_helmet":1},"minecraft:mined":{"create:zinc_ore":8,"iceandfire:silver_ore":3,"minecraft:red_bed":1,"minecraft:crafting_table":3,"minecraft:cobblestone":5,"minecraft:tall_grass":1,"minecraft:copper_ore":14,"minecraft:wall_torch":2,"minecraft:furnace":2,"minecraft:iron_ore":14,"minecraft:birch_log":7,"minecraft:spruce_log":18,"minecraft:birch_leaves":3,"minecraft:coal_ore":28,"amendments:wall_lantern":1,"minecraft:lantern":2,"minecraft:dirt":10,"minecraft:gravel":1,"minecraft:stone":279,"spelunkers_charm:rock_pile_1":2},"minecraft:picked_up":{"minecraft:birch_log":7,"minecraft:crafting_table":3,"create:raw_zinc":8,"skilltree:gem":9,"minecraft:dirt":7,"minecraft:red_bed":1,"minecraft:lantern":3,"minecraft:raw_copper":51,"minecraft:wheat_seeds":1,"minecraft:iron_ingot":4,"minecraft:birch_sapling":2,"minecraft:furnace":2,"knightlib:small_essence":8,"minecraft:stick":5,"minecraft:raw_iron":14,"minecraft:sweet_berries":4,"minecraft:torch":3,"minecraft:gravel":1,"sophisticatedbackpacks:backpack":1,"minecraft:spruce_sapling":11,"minecraft:spruce_log":18,"minecraft:rotten_flesh":2,"supplementaries:ash":1,"spelunkers_charm:rock":2,"minecraft:coal":28,"iceandfire:raw_silver":3,"minecraft:cobblestone":284},"minecraft:crafted":{"iceandfire:silver_ingot":3,"minecraft:iron_nugget":9,"minecraft:crafting_table":3,"minecraft:spruce_planks":68,"minecraft:wooden_pickaxe":1,"minecraft:baked_potato":16,"immersive_melodies:trumpet":1,"minecraft:furnace":2,"iceandfire:armor_copper_metal_leggings":1,"minecraft:copper_ingot":58,"minecraft:birch_planks":28,"minecraft:stone_axe":1,"iceandfire:armor_copper_metal_boots":1,"simplyswords:iron_longsword":1,"simplyswords:iron_greathammer":1,"minecraft:air":0,"iceandfire:armor_copper_metal_helmet":1,"iceandfire:copper_shovel":1,"sophisticatedbackpacks:copper_backpack":1,"minecraft:stick":20,"minecraft:iron_ingot":14,"minecraft:stone_pickaxe":3,"iceandfire:armor_copper_metal_chestplate":1,"minecraft:wooden_axe":1,"iceandfire:copper_pickaxe":1,"iceandfire:silver_pickaxe":1,"create:zinc_ingot":1,"sophisticatedbackpacks:iron_backpack":1},"minecraft:killed":{"minecraft:zombie":1},"minecraft:broken":{"minecraft:stone_pickaxe":2}},"DataVersion":3465}