{"stats":{"minecraft:killed_by":{"iceandfire:ghost":2},"minecraft:custom":{"minecraft:interact_with_furnace":21,"minecraft:mob_kills":7,"minecraft:interact_with_crafting_table":11,"minecraft:leave_game":1,"minecraft:time_since_death":142,"minecraft:time_since_rest":308,"minecraft:sprint_one_cm":221666,"minecraft:damage_taken":710,"minecraft:walk_one_cm":201012,"minecraft:trigger_trapped_chest":1,"minecraft:drop":2,"minecraft:damage_dealt":1353,"minecraft:swim_one_cm":8266,"minecraft:fly_one_cm":59531,"minecraft:crouch_one_cm":212,"minecraft:play_time":51274,"minecraft:deaths":2,"minecraft:sneak_time":78,"minecraft:walk_under_water_one_cm":1055,"minecraft:jump":870,"minecraft:walk_on_water_one_cm":1222,"minecraft:total_world_time":51274,"minecraft:fall_one_cm":9051},"minecraft:dropped":{"minecraft:mushroom_stew":2},"minecraft:used":{"minecraft:stone_sword":22,"minecraft:stone_pickaxe":107,"minecraft:wooden_pickaxe":10,"touhou_little_maid:smart_slab_init":1,"minecraft:torch":9,"minecraft:dirt":2,"minecraft:crafting_table":2,"minecraft:mushroom_stew":8,"touhou_little_maid:smart_slab_has_maid":2,"minecraft:stone_axe":209,"minecraft:cobblestone":5,"minecraft:furnace":2,"alexsmobs:animal_dictionary":2,"vinery:red_grape":1},"minecraft:mined":{"minecraft:brown_mushroom":1,"iceandfire:silver_ore":1,"minecraft:powder_snow":12,"minecraft:torch":7,"minecraft:crafting_table":3,"minecraft:glow_lichen":1,"gravestone:gravestone":2,"vinery:red_grape_bush":1,"minecraft:grass_block":6,"minecraft:mushroom_stem":25,"minecraft:brown_mushroom_block":75,"minecraft:tall_grass":1,"minecraft:spruce_leaves":2,"minecraft:wall_torch":2,"minecraft:large_fern":1,"spelunkers_charm:rock_pile_3":1,"minecraft:furnace":3,"minecraft:birch_log":24,"minecraft:sweet_berry_bush":2,"minecraft:birch_leaves":7,"quark:black_corundum_cluster":1,"minecraft:grass":6,"minecraft:coal_ore":17,"minecraft:vine":2,"minecraft:red_mushroom_block":63,"minecraft:stone":90},"minecraft:picked_up":{"minecraft:birch_log":20,"minecraft:crafting_table":3,"vinery:red_grape":1,"minecraft:feather":1,"minecraft:chicken":1,"naturalist:venison":5,"minecraft:leather":2,"minecraft:brown_mushroom":28,"minecraft:wooden_pickaxe":1,"minecraft:red_mushroom":29,"quark:black_corundum_cluster":1,"skilltree:gem":3,"minecraft:dirt":6,"minecraft:raw_copper":3,"minecraft:birch_sapling":3,"knightlib:small_essence":1,"minecraft:furnace":3,"minecraft:stick":2,"minecraft:sweet_berries":6,"minecraft:torch":11,"minecraft:spider_eye":1,"aquaculture:carp":1,"spelunkers_charm:rock":3,"minecraft:coal":30,"iceandfire:raw_silver":1,"minecraft:cobblestone":79},"minecraft:crafted":{"minecraft:crafting_table":1,"minecraft:cooked_chicken":1,"minecraft:bowl":8,"minecraft:furnace":1,"iceandfire:armor_copper_metal_leggings":1,"minecraft:copper_ingot":20,"minecraft:mushroom_stew":13,"minecraft:birch_planks":80,"minecraft:stone_axe":2,"minecraft:air":0,"iceandfire:armor_copper_metal_helmet":1,"minecraft:stick":8,"minecraft:stone_pickaxe":2,"iceandfire:armor_copper_metal_chestplate":1,"minecraft:stone_sword":1},"minecraft:killed":{"minecraft:spider":1,"alexsmobs:seagull":1,"naturalist:deer":3,"minecraft:chicken":1,"touhou_little_maid:fairy":1},"minecraft:broken":{"minecraft:stone_axe":1}},"DataVersion":3465}