{"stats":{"minecraft:killed_by":{"touhou_little_maid:fairy":1},"minecraft:custom":{"minecraft:animals_bred":1,"minecraft:interact_with_crafting_table":115,"minecraft:open_barrel":19,"goblintraders:trade_with_goblin":50,"minecraft:leave_game":2,"minecraft:time_since_death":121557,"minecraft:sprint_one_cm":964634,"minecraft:damage_blocked_by_shield":1520,"minecraft:drop":51,"minecraft:talked_to_villager":163,"minecraft:play_time":540694,"minecraft:deaths":1,"minecraft:jump":5937,"minecraft:walk_on_water_one_cm":57516,"minecraft:interact_with_furnace":113,"minecraft:traded_with_villager":286,"minecraft:interact_with_loom":1,"minecraft:sleep_in_bed":25,"minecraft:damage_dealt":27696,"waystones:waystone_activated":3,"minecraft:crouch_one_cm":24963,"minecraft:interact_with_smoker":3,"minecraft:horse_one_cm":126,"minecraft:interact_with_smithing_table":4,"minecraft:mob_kills":155,"minecraft:damage_dealt_resisted":773,"minecraft:climb_one_cm":16595,"minecraft:walk_one_cm":1988567,"minecraft:damage_dealt_absorbed":55,"minecraft:sneak_time":9518,"minecraft:walk_under_water_one_cm":41392,"minecraft:boat_one_cm":185654,"minecraft:interact_with_blast_furnace":7,"minecraft:total_world_time":540694,"minecraft:time_since_rest":2821,"minecraft:damage_taken":3901,"minecraft:swim_one_cm":59979,"minecraft:fly_one_cm":880092,"minecraft:open_chest":104,"minecraft:fall_one_cm":68162},"minecraft:dropped":{"minecraft:birch_planks":8,"minecraft:crafting_table":1,"friendsandfoes:totem_of_illusion":1,"minecraft:dirt":4,"gravestone:obituary":1,"farmersdelight:egg_sandwich":3,"minecraft:stone_axe":2,"minecraft:blackstone":10,"minecraft:cobbled_deepslate":41,"minecraft:birch_sapling":2,"minecraft:pointed_dripstone":1,"endrem:old_eye":1,"supplementaries:flax_seeds":2,"spelunkers_charm:rock":1,"minecraft:chainmail_boots":1,"minecraft:iron_ingot":6,"minecraft:cobblestone":90,"minecraft:coal":4,"minecraft:stick":11,"minecraft:torch":2,"minecraft:wooden_axe":1,"minecraft:iron_axe":1,"minecraft:bowl":2,"minecraft:tuff":1,"minecraft:raw_iron":2,"minecraft:iron_boots":1,"sophisticatedbackpacks:backpack":1,"simplyswords:iron_spear":1,"minecraft:rabbit_stew":3,"vinery:red_grape":1,"minecraft:stone_pickaxe":1,"minecraft:wooden_pickaxe":1,"minecraft:raw_gold":1,"minecraft:brick":3},"minecraft:used":{"minecraft:decorated_pot":1,"minecraft:shield":46,"minecraft:rotten_flesh":2,"touhou_little_maid:smart_slab_init":1,"brewery:sausage":1,"touhou_little_maid:power_point":10,"minecraft:milk_bucket":1,"quark:deepslate_furnace":1,"minecraft:lantern":2,"minecraft:birch_sapling":152,"simplyswords:iron_longsword":242,"minecraft:stone_bricks":3,"minecraft:item_frame":1,"minecraft:rabbit_stew":3,"minecraft:repeater":2,"minecraft:redstone_lamp":1,"minecraft:bow":22,"minecraft:sweet_berries":7,"minecraft:furnace":10,"simplyswords:iron_spear":5,"minecraft:stone_pickaxe":230,"minecraft:blackstone":3,"minecraft:wooden_pickaxe":44,"minecraft:composter":2,"farmersdelight:pumpkin_slice":55,"waystones:waystone":1,"iceandfire:armor_copper_metal_chestplate":1,"minecraft:bread":15,"touhou_little_maid:smart_slab_has_maid":12,"minecraft:wooden_sword":1,"simplyswords:iron_glaive":295,"minecraft:oak_boat":1,"quark:birch_chest":6,"minecraft:stone_sword":55,"minecraft:torch":76,"minecraft:dirt":8,"minecraft:wooden_axe":36,"simplyswords:diamond_scythe":22,"minecraft:iron_axe":763,"brewery:pretzel":29,"minecraft:cooked_beef":9,"minecraft:cobbled_deepslate":32,"minecraft:pumpkin":8,"vinery:red_grape":4,"minecraft:calcite":10,"minecraft:cooked_mutton":5,"farmersdelight:iron_knife":21,"minecraft:water_bucket":13,"minecraft:birch_planks":3,"minecraft:birch_boat":1,"minecraft:fletching_table":6,"minecraft:crafting_table":13,"minecraft:birch_sign":3,"minecraft:white_bed":4,"minecraft:apple":2,"farmersdelight:cake_slice":3,"minecraft:iron_pickaxe":675,"minecraft:stone_axe":348,"minecraft:cobblestone":161,"farmersdelight:egg_sandwich":4,"minecraft:bucket":13},"minecraft:mined":{"minecraft:white_bed":4,"minecraft:black_candle_cake":1,"minecraft:sculk_vein":1,"minecraft:grass_block":10,"minecraft:composter":3,"minecraft:magma_block":19,"minecraft:cobbled_deepslate":1,"minecraft:iron_ore":35,"minecraft:fire":2,"minecraft:pumpkin":28,"minecraft:fletching_table":5,"minecraft:deepslate_lapis_ore":8,"create:limestone":1,"minecraft:deepslate_redstone_ore":11,"brewery:wild_hops":1,"farmersdelight:organic_compost":2,"minecraft:blackstone":15,"minecraft:torch":3,"minecraft:calcite":11,"create:scoria":7,"minecraft:glass":2,"spelunkers_charm:rock_pile_2":1,"minecraft:cobblestone":7,"spelunkers_charm:deepslate_geyser":1,"minecraft:sugar_cane":2,"minecraft:wall_torch":9,"spelunkers_charm:rock_pile_3":2,"minecraft:birch_log":833,"minecraft:wheat":1,"minecraft:lilac":4,"minecraft:grass":31,"minecraft:oak_log":34,"minecraft:dirt":20,"create:crimsite":1,"minecraft:deepslate":175,"create:zinc_ore":17,"minecraft:dark_prismarine":1,"minecraft:tuff":14,"iceandfire:silver_ore":7,"minecraft:mossy_cobblestone":1,"minecraft:deepslate_diamond_ore":33,"minecraft:sea_lantern":1,"gravestone:gravestone":1,"minecraft:decorated_pot":2,"minecraft:spruce_leaves":1,"minecraft:hay_block":6,"minecraft:furnace":7,"spelunkers_charm:deepslate_rock_pile_2":1,"minecraft:deepslate_iron_ore":19,"minecraft:lantern":2,"minecraft:stone":386,"spelunkers_charm:rock_pile_1":3,"minecraft:crafting_table":9,"spelunkers_charm:dead_grass":1,"minecraft:copper_ore":37,"minecraft:tall_grass":51,"minecraft:deepslate_coal_ore":1,"minecraft:lapis_ore":6,"minecraft:deepslate_gold_ore":30,"minecraft:sculk":10,"supplementaries:urn":26,"minecraft:birch_planks":3,"minecraft:coarse_dirt":1,"spelunkers_charm:deepslate_rock_pile_3":2,"minecraft:spruce_log":29,"minecraft:coal_ore":47,"minecraft:stone_bricks":6,"minecraft:mossy_stone_bricks":1},"minecraft:picked_up":{"minecraft:wooden_axe":1,"vinery:red_grape":5,"minecraft:wheat":8,"minecraft:lead":1,"minecraft:string":13,"minecraft:raw_copper":141,"create:limestone":5,"minecraft:zombie_head":1,"iceandfire:sea_serpent_scales_bronze":10,"minecraft:activator_rail":2,"minecraft:cobbled_deepslate":223,"bosses_of_mass_destruction:soul_star":1,"minecraft:calcite":10,"minecraft:enchanted_golden_apple":1,"minecraft:iron_boots":1,"minecraft:furnace":7,"minecraft:tipped_arrow":1,"minecraft:stick":92,"minecraft:composter":3,"minecraft:torch":50,"minecraft:pointed_dripstone":2,"minecraft:rotten_flesh":17,"quark:clear_shard":5,"create:scoria":6,"supplementaries:antique_ink":2,"farmersdelight:rope":7,"supplementaries:ash":24,"minecraft:cobblestone":478,"minecraft:birch_log":816,"minecraft:magma_block":18,"minecraft:lilac":4,"minecraft:repeater":2,"touhou_little_maid:nimble_fabric":1,"minecraft:brown_wool":1,"minecraft:potato":1,"minecraft:tuff":16,"create:raw_zinc":17,"supplementaries:flax_seeds":4,"minecraft:dirt":49,"skilltree:gem":32,"minecraft:lapis_lazuli":89,"minecraft:lantern":4,"minecraft:bone":26,"minecraft:bow":1,"minecraft:wheat_seeds":54,"minecraft:raw_gold":36,"farmersdelight:pumpkin_slice":84,"farmersdelight:egg_sandwich":1,"minecraft:mossy_stone_bricks":1,"minecraft:fletching_table":5,"simplyswords:gold_katana":1,"iceandfire:shiny_scales":3,"minecraft:dark_prismarine":3,"farmersdelight:cake_slice":12,"create:crimsite":1,"minecraft:deepslate":1,"minecraft:diamond":33,"waystones:waystone":2,"minecraft:spruce_sign":1,"minecraft:emerald":33,"minecraft:bread":7,"minecraft:oak_sapling":15,"minecraft:bricks":1,"iceandfire:raw_silver":7,"minecraft:coarse_dirt":1,"minecraft:crafting_table":10,"minecraft:allium":1,"minecraft:azure_bluet":1,"minecraft:clay_ball":3,"minecraft:redstone_lamp":1,"friendsandfoes:totem_of_illusion":2,"spelunkers_charm:deepslate_rock":14,"gravestone:obituary":1,"minecraft:brick":2,"minecraft:cornflower":1,"minecraft:blackstone":30,"supplementaries:bomb":1,"simplyswords:iron_longsword":1,"minecraft:beef":8,"minecraft:poppy":3,"minecraft:sugar_cane":5,"supplementaries:rope":33,"minecraft:birch_sapling":118,"minecraft:phantom_membrane":2,"knightlib:small_essence":36,"minecraft:raw_iron":54,"farmersdelight:tomato_seeds":8,"minecraft:redstone":54,"minecraft:arrow":15,"minecraft:decorated_pot":1,"minecraft:hay_block":6,"minecraft:mutton":2,"minecraft:glow_berries":3,"minecraft:white_wool":6,"minecraft:rail":9,"iceandfire:sea_serpent_fang":23,"minecraft:leather":5,"minecraft:birch_planks":129,"spelunkers_charm:old_miners_bundle":2,"minecraft:oak_log":30,"minecraft:gunpowder":7,"minecraft:apple":2,"minecraft:stone_bricks":7,"minecraft:iron_ingot":11,"minecraft:stone_pickaxe":1,"knightlib:great_essence":16,"minecraft:black_candle":1,"minecraft:smooth_basalt":1,"iceandfire:sea_serpent_scales_green":14,"endrem:old_eye":1,"minecraft:pumpkin":8,"minecraft:sweet_berries":36,"minecraft:dandelion":5,"minecraft:spruce_sapling":8,"minecraft:white_bed":4,"minecraft:spruce_log":11,"minecraft:spider_eye":2,"minecraft:gray_wool":3,"minecraft:black_wool":2,"spelunkers_charm:rock":12,"minecraft:coal":65},"minecraft:crafted":{"minecraft:oak_planks":120,"minecraft:chainmail_helmet":10,"quark:birch_chest":9,"minecraft:birch_boat":1,"brewery:sausage":4,"minecraft:stone":4,"quark:deepslate_furnace":1,"minecraft:cooked_mutton":6,"iceandfire:armor_copper_metal_boots":2,"minecraft:bow":2,"minecraft:diamond_helmet":1,"minecraft:diamond_leggings":1,"minecraft:iron_boots":10,"sophisticatedbackpacks:copper_backpack":1,"iceandfire:armor_copper_metal_chestplate":2,"minecraft:magenta_dye":6,"sophisticatedbackpacks:backpack":2,"minecraft:arrow":68,"minecraft:emerald":198,"minecraft:cooked_porkchop":45,"minecraft:crafting_table":6,"minecraft:spruce_planks":40,"farmersdelight:iron_knife":1,"minecraft:wooden_pickaxe":2,"minecraft:iron_helmet":2,"farmersdelight:egg_sandwich":6,"minecraft:copper_ingot":83,"minecraft:fletching_table":1,"minecraft:birch_planks":3132,"iceandfire:earplugs":1,"minecraft:pumpkin_seeds":1,"simplyswords:iron_glaive":1,"minecraft:charcoal":18,"minecraft:diamond_pickaxe":1,"minecraft:shield":2,"sophisticatedbackpacks:diamond_backpack":1,"minecraft:stick":6167,"minecraft:iron_ingot":69,"minecraft:iron_pickaxe":2,"minecraft:stone_sword":2,"minecraft:gold_ingot":39,"minecraft:shears":1,"minecraft:wooden_sword":1,"minecraft:magenta_wool":6,"minecraft:rabbit_stew":12,"simplyswords:diamond_scythe":1,"simplyswords:iron_spear":2,"brewery:pretzel":30,"minecraft:furnace":3,"iceandfire:armor_copper_metal_leggings":2,"immersive_melodies:flute":1,"iceandfire:armor_copper_metal_helmet":1,"minecraft:iron_axe":6,"minecraft:stone_pickaxe":3,"minecraft:diamond_boots":2,"minecraft:birch_sign":3,"minecraft:wheat":54,"sophisticatedbackpacks:iron_backpack":1,"minecraft:cooked_beef":9,"minecraft:sugar":1,"iceandfire:silver_ingot":6,"sophisticatedbackpacks:gold_backpack":1,"iceandfire:tide_bronze_chestplate":1,"minecraft:stone_axe":6,"minecraft:bread":19,"minecraft:air":0,"minecraft:oak_boat":1,"iceandfire:armor_silver_metal_helmet":1,"minecraft:chainmail_boots":24,"minecraft:wooden_axe":2,"minecraft:iron_shovel":1,"minecraft:white_bed":1,"minecraft:torch":44,"create:zinc_ingot":10,"minecraft:diamond_chestplate":1},"minecraft:killed":{"minecraft:witch":1,"minecraft:spider":15,"minecraft:skeleton":21,"friendsandfoes:glare":1,"minecraft:illusioner":1,"touhou_little_maid:fairy":25,"alexsmobs:seal":1,"minecraft:creeper":4,"minecraft:sheep":4,"minecraft:zombie":47,"minecraft:cow":5,"iceandfire:sea_serpent":3,"alexsmobs:sugar_glider":1,"minecraft:phantom":3,"minecraft:drowned":1,"iceandfire:hippocampus":1},"minecraft:broken":{"minecraft:stone_pickaxe":1,"minecraft:stone_axe":2,"simplyswords:iron_longsword":1,"minecraft:iron_axe":2,"minecraft:iron_pickaxe":2,"simplyswords:iron_glaive":1}},"DataVersion":3465}