{"stats":{"minecraft:custom":{"minecraft:mob_kills":120,"minecraft:animals_bred":1,"minecraft:interact_with_crafting_table":99,"minecraft:open_barrel":16,"minecraft:leave_game":1,"minecraft:time_since_death":393633,"minecraft:climb_one_cm":14449,"minecraft:sprint_one_cm":704691,"minecraft:walk_one_cm":1429896,"minecraft:damage_blocked_by_shield":610,"minecraft:drop":17,"minecraft:talked_to_villager":99,"minecraft:play_time":393633,"minecraft:sneak_time":3729,"minecraft:walk_under_water_one_cm":23243,"minecraft:boat_one_cm":173523,"minecraft:jump":4068,"minecraft:interact_with_blast_furnace":1,"minecraft:walk_on_water_one_cm":38773,"minecraft:total_world_time":393633,"minecraft:interact_with_furnace":112,"minecraft:traded_with_villager":240,"minecraft:sleep_in_bed":18,"minecraft:time_since_rest":33183,"minecraft:damage_taken":2495,"minecraft:damage_dealt":20431,"minecraft:swim_one_cm":41823,"minecraft:fly_one_cm":609941,"minecraft:open_chest":59,"minecraft:crouch_one_cm":12014,"waystones:waystone_activated":3,"minecraft:interact_with_smoker":2,"minecraft:fall_one_cm":48531},"minecraft:dropped":{"minecraft:iron_ingot":6,"minecraft:stick":8,"friendsandfoes:totem_of_illusion":1,"minecraft:torch":2,"minecraft:iron_axe":1,"minecraft:stone_axe":2,"endrem:old_eye":1,"sophisticatedbackpacks:backpack":1,"spelunkers_charm:rock":1,"minecraft:chainmail_boots":1,"vinery:red_grape":1,"minecraft:brick":3},"minecraft:used":{"quark:birch_chest":6,"minecraft:stone_sword":55,"minecraft:decorated_pot":1,"minecraft:shield":25,"minecraft:rotten_flesh":2,"touhou_little_maid:smart_slab_init":1,"minecraft:torch":37,"minecraft:dirt":8,"minecraft:milk_bucket":1,"touhou_little_maid:power_point":10,"minecraft:wooden_axe":30,"minecraft:iron_axe":656,"minecraft:lantern":2,"minecraft:birch_sapling":142,"simplyswords:iron_longsword":99,"minecraft:stone_bricks":3,"minecraft:repeater":2,"minecraft:redstone_lamp":1,"minecraft:bow":14,"minecraft:sweet_berries":7,"minecraft:furnace":10,"brewery:pretzel":26,"minecraft:cooked_beef":9,"minecraft:cobbled_deepslate":7,"minecraft:pumpkin":8,"vinery:red_grape":4,"simplyswords:iron_spear":5,"minecraft:cooked_mutton":5,"farmersdelight:iron_knife":20,"minecraft:water_bucket":7,"minecraft:birch_planks":2,"minecraft:stone_pickaxe":83,"minecraft:birch_boat":1,"minecraft:wooden_pickaxe":21,"minecraft:composter":2,"farmersdelight:pumpkin_slice":45,"minecraft:fletching_table":6,"minecraft:birch_sign":3,"minecraft:crafting_table":11,"minecraft:white_bed":4,"waystones:waystone":1,"minecraft:apple":2,"iceandfire:armor_copper_metal_chestplate":1,"minecraft:bread":3,"minecraft:iron_pickaxe":335,"touhou_little_maid:smart_slab_has_maid":9,"minecraft:stone_axe":348,"minecraft:wooden_sword":1,"minecraft:cobblestone":2,"minecraft:bucket":7,"minecraft:oak_boat":1,"simplyswords:iron_glaive":295},"minecraft:mined":{"create:zinc_ore":17,"minecraft:dark_prismarine":1,"minecraft:tuff":4,"minecraft:white_bed":3,"iceandfire:silver_ore":6,"minecraft:mossy_cobblestone":1,"minecraft:deepslate_diamond_ore":16,"minecraft:sculk_vein":1,"minecraft:sea_lantern":1,"minecraft:grass_block":8,"minecraft:decorated_pot":2,"minecraft:spruce_leaves":1,"minecraft:composter":3,"minecraft:hay_block":6,"minecraft:magma_block":14,"minecraft:furnace":7,"minecraft:iron_ore":19,"minecraft:pumpkin":28,"minecraft:deepslate_lapis_ore":8,"minecraft:fletching_table":5,"minecraft:deepslate_iron_ore":11,"minecraft:lantern":2,"minecraft:stone":165,"create:limestone":1,"spelunkers_charm:rock_pile_1":3,"minecraft:deepslate_redstone_ore":11,"brewery:wild_hops":1,"farmersdelight:organic_compost":2,"minecraft:crafting_table":7,"minecraft:torch":3,"minecraft:calcite":9,"create:scoria":7,"minecraft:cobblestone":3,"minecraft:tall_grass":50,"minecraft:glass":2,"spelunkers_charm:rock_pile_2":1,"minecraft:copper_ore":32,"minecraft:deepslate_coal_ore":1,"minecraft:deepslate_gold_ore":9,"minecraft:lapis_ore":6,"minecraft:sugar_cane":2,"minecraft:wall_torch":1,"supplementaries:urn":12,"minecraft:birch_planks":2,"spelunkers_charm:rock_pile_3":2,"minecraft:coarse_dirt":1,"minecraft:birch_log":746,"minecraft:wheat":1,"minecraft:lilac":4,"minecraft:spruce_log":29,"minecraft:grass":27,"minecraft:coal_ore":42,"minecraft:oak_log":34,"minecraft:dirt":14,"minecraft:deepslate":19,"create:crimsite":1,"minecraft:stone_bricks":6,"minecraft:mossy_stone_bricks":1},"minecraft:picked_up":{"minecraft:wheat":8,"minecraft:allium":1,"minecraft:crafting_table":7,"minecraft:coarse_dirt":1,"vinery:red_grape":5,"minecraft:azure_bluet":1,"minecraft:clay_ball":3,"minecraft:redstone_lamp":1,"minecraft:lead":1,"friendsandfoes:totem_of_illusion":2,"spelunkers_charm:deepslate_rock":1,"minecraft:brick":2,"minecraft:cornflower":1,"minecraft:string":9,"create:limestone":5,"minecraft:raw_copper":116,"minecraft:blackstone":1,"iceandfire:sea_serpent_scales_bronze":10,"minecraft:cobbled_deepslate":19,"bosses_of_mass_destruction:soul_star":1,"simplyswords:iron_longsword":1,"minecraft:beef":8,"minecraft:calcite":8,"minecraft:iron_boots":1,"minecraft:poppy":3,"minecraft:sugar_cane":5,"minecraft:birch_sapling":105,"minecraft:phantom_membrane":2,"minecraft:furnace":7,"knightlib:small_essence":28,"minecraft:raw_iron":30,"minecraft:stick":80,"minecraft:composter":3,"minecraft:torch":18,"minecraft:redstone":42,"quark:clear_shard":5,"minecraft:arrow":8,"minecraft:rotten_flesh":10,"minecraft:decorated_pot":1,"create:scoria":6,"minecraft:hay_block":6,"supplementaries:ash":11,"minecraft:mutton":2,"minecraft:white_wool":6,"minecraft:cobblestone":174,"minecraft:birch_log":730,"minecraft:magma_block":14,"minecraft:lilac":4,"minecraft:repeater":2,"iceandfire:sea_serpent_fang":23,"minecraft:leather":5,"minecraft:brown_wool":1,"minecraft:potato":1,"minecraft:birch_planks":120,"spelunkers_charm:old_miners_bundle":1,"minecraft:tuff":4,"create:raw_zinc":17,"minecraft:oak_log":30,"supplementaries:flax_seeds":2,"minecraft:gunpowder":5,"minecraft:lapis_lazuli":89,"skilltree:gem":22,"minecraft:dirt":37,"minecraft:lantern":4,"minecraft:bone":15,"minecraft:apple":2,"minecraft:stone_bricks":7,"minecraft:raw_gold":9,"minecraft:wheat_seeds":53,"minecraft:iron_ingot":2,"farmersdelight:pumpkin_slice":84,"minecraft:mossy_stone_bricks":1,"minecraft:fletching_table":5,"knightlib:great_essence":13,"minecraft:smooth_basalt":1,"endrem:old_eye":1,"minecraft:pumpkin":8,"minecraft:sweet_berries":31,"iceandfire:sea_serpent_scales_green":14,"minecraft:dandelion":5,"iceandfire:shiny_scales":3,"minecraft:spruce_sapling":8,"minecraft:white_bed":3,"minecraft:spruce_log":11,"minecraft:dark_prismarine":3,"create:crimsite":1,"minecraft:diamond":16,"waystones:waystone":2,"minecraft:gray_wool":3,"minecraft:bread":4,"minecraft:spruce_sign":1,"minecraft:emerald":27,"minecraft:oak_sapling":15,"minecraft:black_wool":2,"spelunkers_charm:rock":12,"minecraft:bricks":1,"minecraft:coal":57,"iceandfire:raw_silver":6},"minecraft:crafted":{"minecraft:wooden_sword":1,"minecraft:magenta_wool":6,"minecraft:oak_planks":120,"minecraft:chainmail_helmet":10,"quark:birch_chest":9,"simplyswords:iron_spear":2,"minecraft:birch_boat":1,"brewery:pretzel":30,"brewery:sausage":4,"minecraft:furnace":3,"iceandfire:armor_copper_metal_leggings":2,"minecraft:stone":4,"immersive_melodies:flute":1,"minecraft:cooked_mutton":6,"iceandfire:armor_copper_metal_boots":2,"iceandfire:armor_copper_metal_helmet":1,"minecraft:diamond_helmet":1,"minecraft:diamond_leggings":1,"minecraft:bow":2,"minecraft:iron_boots":10,"sophisticatedbackpacks:copper_backpack":1,"minecraft:iron_axe":6,"minecraft:stone_pickaxe":1,"iceandfire:armor_copper_metal_chestplate":2,"minecraft:diamond_boots":2,"minecraft:magenta_dye":6,"minecraft:birch_sign":3,"minecraft:wheat":54,"minecraft:cooked_beef":9,"minecraft:sugar":1,"minecraft:emerald":180,"minecraft:arrow":4,"sophisticatedbackpacks:backpack":2,"iceandfire:silver_ingot":6,"minecraft:crafting_table":4,"minecraft:spruce_planks":40,"farmersdelight:iron_knife":1,"minecraft:wooden_pickaxe":1,"minecraft:iron_helmet":2,"minecraft:copper_ingot":59,"minecraft:fletching_table":1,"iceandfire:tide_bronze_chestplate":1,"iceandfire:earplugs":1,"minecraft:birch_planks":2816,"minecraft:pumpkin_seeds":1,"minecraft:stone_axe":6,"minecraft:bread":19,"minecraft:air":0,"simplyswords:iron_glaive":1,"iceandfire:armor_silver_metal_helmet":1,"minecraft:oak_boat":1,"minecraft:charcoal":18,"minecraft:shield":2,"minecraft:stick":5579,"minecraft:chainmail_boots":24,"minecraft:iron_ingot":13,"minecraft:iron_pickaxe":1,"minecraft:wooden_axe":1,"minecraft:stone_sword":2,"minecraft:iron_shovel":1,"minecraft:white_bed":1,"minecraft:torch":40,"create:zinc_ingot":10,"minecraft:shears":1,"minecraft:diamond_chestplate":1},"minecraft:killed":{"minecraft:witch":1,"minecraft:spider":9,"alexsmobs:sugar_glider":1,"minecraft:phantom":3,"minecraft:skeleton":15,"minecraft:illusioner":1,"minecraft:drowned":1,"touhou_little_maid:fairy":21,"iceandfire:hippocampus":1,"alexsmobs:seal":1,"minecraft:creeper":3,"minecraft:sheep":4,"minecraft:zombie":33,"iceandfire:sea_serpent":3,"minecraft:cow":5},"minecraft:broken":{"minecraft:iron_axe":2,"minecraft:stone_axe":2,"minecraft:iron_pickaxe":1,"simplyswords:iron_glaive":1}},"DataVersion":3465}