{"stats":{"minecraft:custom":{"minecraft:mob_kills":95,"minecraft:interact_with_crafting_table":89,"minecraft:open_barrel":10,"minecraft:time_since_death":276453,"minecraft:climb_one_cm":9653,"minecraft:sprint_one_cm":469944,"minecraft:walk_one_cm":1027506,"minecraft:damage_blocked_by_shield":610,"minecraft:drop":11,"minecraft:talked_to_villager":69,"minecraft:play_time":276453,"minecraft:sneak_time":1518,"minecraft:walk_under_water_one_cm":15772,"minecraft:boat_one_cm":173523,"minecraft:jump":2745,"minecraft:interact_with_blast_furnace":1,"minecraft:walk_on_water_one_cm":25320,"minecraft:total_world_time":276453,"minecraft:interact_with_furnace":109,"minecraft:traded_with_villager":177,"minecraft:sleep_in_bed":15,"minecraft:time_since_rest":6474,"minecraft:damage_taken":2129,"minecraft:damage_dealt":16583,"minecraft:fly_one_cm":382080,"minecraft:swim_one_cm":21535,"minecraft:open_chest":29,"minecraft:crouch_one_cm":3554,"waystones:waystone_activated":1,"minecraft:fall_one_cm":29079},"minecraft:dropped":{"minecraft:iron_ingot":6,"minecraft:torch":2,"minecraft:stone_axe":2,"endrem:old_eye":1,"sophisticatedbackpacks:backpack":1,"spelunkers_charm:rock":1,"minecraft:chainmail_boots":1,"vinery:red_grape":1},"minecraft:used":{"quark:birch_chest":2,"minecraft:stone_sword":55,"minecraft:shield":24,"minecraft:rotten_flesh":2,"touhou_little_maid:smart_slab_init":1,"minecraft:torch":6,"touhou_little_maid:power_point":2,"minecraft:wooden_axe":30,"minecraft:iron_axe":420,"minecraft:lantern":1,"minecraft:birch_sapling":80,"simplyswords:iron_longsword":21,"minecraft:stone_bricks":3,"minecraft:bow":7,"minecraft:sweet_berries":2,"minecraft:furnace":10,"brewery:pretzel":9,"minecraft:cooked_beef":9,"minecraft:pumpkin":8,"vinery:red_grape":4,"simplyswords:iron_spear":5,"minecraft:cooked_mutton":5,"farmersdelight:iron_knife":20,"minecraft:birch_planks":2,"minecraft:stone_pickaxe":83,"minecraft:wooden_pickaxe":21,"minecraft:birch_boat":1,"minecraft:composter":2,"minecraft:fletching_table":6,"farmersdelight:pumpkin_slice":45,"minecraft:crafting_table":9,"minecraft:white_bed":4,"iceandfire:armor_copper_metal_chestplate":1,"minecraft:apple":2,"minecraft:bread":3,"minecraft:iron_pickaxe":168,"touhou_little_maid:smart_slab_has_maid":6,"minecraft:stone_axe":348,"minecraft:wooden_sword":1,"minecraft:cobblestone":2,"simplyswords:iron_glaive":295,"minecraft:oak_boat":1},"minecraft:mined":{"create:zinc_ore":17,"minecraft:tuff":1,"minecraft:white_bed":3,"iceandfire:silver_ore":6,"minecraft:mossy_cobblestone":1,"minecraft:grass_block":2,"minecraft:spruce_leaves":1,"minecraft:composter":3,"minecraft:hay_block":6,"minecraft:furnace":7,"minecraft:iron_ore":10,"minecraft:pumpkin":28,"minecraft:fletching_table":5,"minecraft:lantern":1,"minecraft:stone":159,"spelunkers_charm:rock_pile_1":3,"brewery:wild_hops":1,"minecraft:crafting_table":6,"minecraft:torch":3,"minecraft:copper_ore":32,"spelunkers_charm:rock_pile_2":1,"minecraft:tall_grass":48,"minecraft:cobblestone":3,"minecraft:deepslate_coal_ore":1,"minecraft:sugar_cane":2,"minecraft:coarse_dirt":1,"minecraft:birch_planks":2,"spelunkers_charm:rock_pile_3":2,"minecraft:birch_log":547,"minecraft:lilac":1,"minecraft:spruce_log":29,"minecraft:grass":22,"minecraft:coal_ore":25,"minecraft:oak_log":34,"minecraft:dirt":8,"minecraft:stone_bricks":6,"minecraft:mossy_stone_bricks":1},"minecraft:picked_up":{"minecraft:coarse_dirt":1,"minecraft:crafting_table":6,"vinery:red_grape":5,"minecraft:azure_bluet":1,"minecraft:lead":1,"friendsandfoes:totem_of_illusion":1,"minecraft:cornflower":1,"minecraft:string":9,"minecraft:raw_copper":116,"iceandfire:sea_serpent_scales_bronze":10,"simplyswords:iron_longsword":1,"minecraft:beef":8,"minecraft:poppy":3,"minecraft:sugar_cane":5,"minecraft:birch_sapling":68,"minecraft:phantom_membrane":2,"minecraft:furnace":7,"knightlib:small_essence":16,"minecraft:stick":53,"minecraft:raw_iron":10,"minecraft:composter":3,"minecraft:torch":5,"minecraft:arrow":8,"minecraft:rotten_flesh":7,"minecraft:hay_block":6,"minecraft:mutton":2,"minecraft:cobblestone":168,"minecraft:white_wool":3,"minecraft:birch_log":530,"minecraft:lilac":1,"iceandfire:sea_serpent_fang":17,"minecraft:leather":5,"minecraft:brown_wool":1,"minecraft:birch_planks":120,"minecraft:tuff":1,"create:raw_zinc":17,"minecraft:oak_log":30,"minecraft:gunpowder":3,"skilltree:gem":14,"minecraft:dirt":23,"minecraft:lantern":2,"minecraft:bone":5,"minecraft:stone_bricks":6,"minecraft:apple":2,"minecraft:wheat_seeds":35,"farmersdelight:pumpkin_slice":84,"minecraft:mossy_stone_bricks":1,"minecraft:fletching_table":5,"knightlib:great_essence":7,"iceandfire:sea_serpent_scales_green":8,"endrem:old_eye":1,"minecraft:pumpkin":8,"minecraft:sweet_berries":22,"minecraft:dandelion":5,"iceandfire:shiny_scales":3,"minecraft:spruce_sapling":8,"minecraft:white_bed":3,"minecraft:spruce_log":10,"waystones:waystone":1,"minecraft:spruce_sign":1,"minecraft:emerald":24,"minecraft:oak_sapling":15,"spelunkers_charm:rock":12,"minecraft:coal":40,"iceandfire:raw_silver":6},"minecraft:crafted":{"minecraft:wooden_sword":1,"minecraft:oak_planks":120,"minecraft:chainmail_helmet":10,"quark:birch_chest":5,"simplyswords:iron_spear":2,"minecraft:birch_boat":1,"brewery:pretzel":30,"minecraft:furnace":3,"iceandfire:armor_copper_metal_leggings":2,"minecraft:stone":4,"immersive_melodies:flute":1,"iceandfire:armor_copper_metal_helmet":1,"minecraft:cooked_mutton":6,"iceandfire:armor_copper_metal_boots":2,"minecraft:diamond_leggings":1,"minecraft:bow":1,"minecraft:iron_boots":10,"sophisticatedbackpacks:copper_backpack":1,"minecraft:iron_axe":2,"minecraft:stone_pickaxe":1,"iceandfire:armor_copper_metal_chestplate":2,"minecraft:diamond_boots":2,"minecraft:wheat":54,"minecraft:cooked_beef":9,"minecraft:sugar":1,"minecraft:emerald":124,"sophisticatedbackpacks:backpack":2,"iceandfire:silver_ingot":6,"minecraft:crafting_table":4,"minecraft:spruce_planks":40,"farmersdelight:iron_knife":1,"minecraft:iron_helmet":2,"minecraft:wooden_pickaxe":1,"minecraft:copper_ingot":59,"minecraft:fletching_table":1,"minecraft:birch_planks":2016,"iceandfire:tide_bronze_chestplate":1,"iceandfire:earplugs":1,"minecraft:pumpkin_seeds":1,"minecraft:stone_axe":6,"minecraft:bread":6,"minecraft:air":0,"simplyswords:iron_glaive":1,"minecraft:oak_boat":1,"iceandfire:armor_silver_metal_helmet":1,"minecraft:charcoal":18,"minecraft:shield":2,"minecraft:stick":3875,"minecraft:chainmail_boots":24,"minecraft:iron_ingot":13,"minecraft:iron_pickaxe":1,"minecraft:wooden_axe":1,"minecraft:stone_sword":2,"minecraft:iron_shovel":1,"minecraft:white_bed":1,"minecraft:torch":4,"create:zinc_ingot":10},"minecraft:killed":{"minecraft:spider":9,"alexsmobs:sugar_glider":1,"minecraft:phantom":3,"minecraft:skeleton":11,"minecraft:illusioner":1,"minecraft:drowned":1,"touhou_little_maid:fairy":20,"iceandfire:hippocampus":1,"alexsmobs:seal":1,"minecraft:creeper":3,"minecraft:sheep":4,"minecraft:zombie":21,"iceandfire:sea_serpent":2,"minecraft:cow":5},"minecraft:broken":{"minecraft:iron_axe":1,"minecraft:stone_axe":2,"simplyswords:iron_glaive":1}},"DataVersion":3465}