{
  "overweight_farming:building_blocks/waxed_seedless_peeled_melon_from_honeycomb": {
    "criteria": {
      "has_the_recipe": "2025-09-14 17:36:04 +0000"
    },
    "done": true
  },
  "iceandfire:iceandfire/root": {
    "criteria": {
      "tick": "2025-09-14 17:36:04 +0000"
    },
    "done": true
  },
  "takesapillage:root": {
    "criteria": {
      "always": "2025-09-14 17:36:04 +0000"
    },
    "done": true
  },
  "tameablebeasts:root": {
    "criteria": {
      "trigger_on_join": "2025-09-14 17:36:04 +0000"
    },
    "done": true
  },
  "overweight_farming:building_blocks/waxed_seeded_peeled_melon_from_honeycomb": {
    "criteria": {
      "has_the_recipe": "2025-09-14 17:36:04 +0000"
    },
    "done": true
  },
  "dungeons_arise:wda_root": {
    "criteria": {
      "WDA": "2025-09-14 17:36:04 +0000"
    },
    "done": true
  },
  "friendsandfoes:misc/yellow_dye_from_buttercup": {
    "criteria": {
      "has_the_recipe": "2025-09-14 17:36:04 +0000"
    },
    "done": true
  },
  "farmersdelight:main/root": {
    "criteria": {
      "seeds": "2025-09-14 17:36:04 +0000"
    },
    "done": true
  },
  "create:root": {
    "criteria": {
      "0": "2025-09-14 17:36:04 +0000"
    },
    "done": true
  },
  "touhou_little_maid:give_smart_slab": {
    "criteria": {
      "tick": "2025-09-14 17:36:04 +0000"
    },
    "done": true
  },
  "brewery:main/root": {
    "criteria": {
      "seeds": "2025-09-14 17:36:04 +0000"
    },
    "done": true
  },
  "overweight_farming:building_blocks/waxed_half_seeded_peeled_melon_from_honeycomb": {
    "criteria": {
      "has_the_recipe": "2025-09-14 17:36:04 +0000"
    },
    "done": true
  },
  "mowziesmobs:root": {
    "criteria": {
      "custom_test_name": "2025-09-14 17:36:04 +0000"
    },
    "done": true
  },
  "betterdungeons:root": {
    "criteria": {
      "always": "2025-09-14 17:36:04 +0000"
    },
    "done": true
  },
  "overweight_farming:building_blocks/vegetable_compost": {
    "criteria": {
      "has_the_recipe": "2025-09-14 17:36:04 +0000"
    },
    "done": true
  },
  "betterdeserttemples:root": {
    "criteria": {
      "always": "2025-09-14 17:36:04 +0000"
    },
    "done": true
  },
  "cataclysm:root": {
    "criteria": {
      "custom_test_name": "2025-09-14 17:36:04 +0000"
    },
    "done": true
  },
  "incendium:technical/new_player": {
    "criteria": {
      "requirement": "2025-09-14 17:36:04 +0000"
    },
    "done": true
  },
  "vinery:main/root": {
    "criteria": {
      "seeds": "2025-09-14 17:36:04 +0000"
    },
    "done": true
  },
  "incendium:technical/scroll_of_returning": {
    "criteria": {
      "log_spam_fixer": "2025-09-14 17:36:05 +0000"
    },
    "done": false
  },
  "incendium:technical/using/ragnarok": {
    "criteria": {
      "log_spam_fixer": "2025-09-14 17:36:05 +0000"
    },
    "done": false
  },
  "incendium:technical/using/trailblazer": {
    "criteria": {
      "log_spam_fixer": "2025-09-14 17:36:05 +0000"
    },
    "done": false
  },
  "minecraft:adventure/adventuring_time": {
    "criteria": {
      "minecraft:old_growth_pine_taiga": "2025-09-14 17:50:08 +0000",
      "minecraft:birch_forest": "2025-09-14 17:39:15 +0000",
      "minecraft:dark_forest": "2025-09-14 17:49:54 +0000",
      "minecraft:river": "2025-09-14 17:52:37 +0000",
      "minecraft:stony_shore": "2025-09-14 17:36:05 +0000",
      "minecraft:grove": "2025-09-14 17:47:53 +0000",
      "minecraft:jagged_peaks": "2025-09-14 17:47:54 +0000",
      "minecraft:cold_ocean": "2025-09-15 01:48:15 +0000",
      "minecraft:forest": "2025-09-15 01:51:52 +0000",
      "minecraft:ocean": "2025-09-15 01:47:36 +0000",
      "minecraft:old_growth_birch_forest": "2025-09-14 17:49:28 +0000",
      "minecraft:plains": "2025-09-15 01:53:48 +0000"
    },
    "done": false
  },
  "incendium:technical/using/shield": {
    "criteria": {
      "log_spam_fixer": "2025-09-14 17:36:05 +0000"
    },
    "done": false
  },
  "minecraft:adventure/root": {
    "criteria": {
      "killed_by_something": "2025-09-14 17:38:45 +0000"
    },
    "done": true
  },
  "aquamirae:adventure/root": {
    "criteria": {
      "crafting_table": "2025-09-14 17:39:36 +0000"
    },
    "done": true
  },
  "minecraft:story/root": {
    "criteria": {
      "crafting_table": "2025-09-14 17:39:36 +0000"
    },
    "done": true
  },
  "minecraft:story/mine_stone": {
    "criteria": {
      "get_stone": "2025-09-14 17:42:45 +0000"
    },
    "done": true
  },
  "minecraft:story/upgrade_tools": {
    "criteria": {
      "stone_pickaxe": "2025-09-14 17:45:24 +0000"
    },
    "done": true
  },
  "iceandfire:iceandfire/kill_ghost": {
    "criteria": {
      "killed_fire_dragon": "2025-09-14 17:52:18 +0000"
    },
    "done": true
  },
  "minecraft:adventure/kill_all_mobs": {
    "criteria": {
      "minecraft:skeleton": "2025-09-15 02:13:45 +0000",
      "minecraft:spider": "2025-09-14 17:53:00 +0000",
      "minecraft:zombie": "2025-09-14 17:53:06 +0000"
    },
    "done": false
  },
  "minecraft:adventure/kill_a_mob": {
    "criteria": {
      "minecraft:spider": "2025-09-14 17:53:00 +0000"
    },
    "done": true
  },
  "knightquest:knightquest": {
    "criteria": {
      "requirement": "2025-09-14 17:53:06 +0000"
    },
    "done": true
  },
  "vinery:main/forbidden_fruit": {
    "criteria": {
      "apple": "2025-09-14 17:53:13 +0000"
    },
    "done": true
  },
  "brewery:main/wild_crops": {
    "criteria": {
      "hops_seeds": "2025-09-14 17:53:15 +0000"
    },
    "done": false
  },
  "minecraft:husbandry/balanced_diet": {
    "criteria": {
      "cooked_porkchop": "2025-09-14 18:10:33 +0000",
      "apple": "2025-09-14 17:57:09 +0000",
      "bread": "2025-09-14 18:00:50 +0000",
      "rotten_flesh": "2025-09-14 17:53:58 +0000",
      "cooked_rabbit": "2025-09-14 17:54:47 +0000",
      "cooked_chicken": "2025-09-14 18:14:24 +0000",
      "mushroom_stew": "2025-09-14 18:07:41 +0000"
    },
    "done": false
  },
  "minecraft:husbandry/root": {
    "criteria": {
      "consumed_item": "2025-09-14 17:53:58 +0000"
    },
    "done": true
  },
  "farmersdelight:main/plant_all_crops": {
    "criteria": {
      "potato": "2025-09-14 17:54:57 +0000"
    },
    "done": false
  },
  "minecraft:story/obtain_armor": {
    "criteria": {
      "iron_leggings": "2025-09-14 18:06:26 +0000"
    },
    "done": true
  },
  "quark:get_all_corundum": {
    "criteria": {
      "black": "2025-09-14 18:06:26 +0000"
    },
    "done": false
  },
  "farmersdelight:main/eat_comfort_food": {
    "criteria": {
      "comfort": "2025-09-14 18:07:41 +0000"
    },
    "done": true
  },
  "minecraft:husbandry/tame_an_animal": {
    "criteria": {
      "tamed_animal": "2025-09-14 18:17:39 +0000"
    },
    "done": true
  },
  "touhou_little_maid:maid_base/switch_task": {
    "criteria": {
      "maid_event": "2025-09-14 18:18:23 +0000"
    },
    "done": true
  },
  "vinery:main/fruits_of_the_field": {
    "criteria": {
      "fruits_of_the_field": "2025-09-15 01:53:48 +0000"
    },
    "done": true
  },
  "touhou_little_maid:maid_base/maid_farm": {
    "criteria": {
      "maid_event": "2025-09-15 01:43:41 +0000"
    },
    "done": true
  },
  "dungeons_arise:find_lighthouse": {
    "criteria": {
      "location0": "2025-09-15 01:54:22 +0000"
    },
    "done": true
  },
  "minecraft:story/iron_tools": {
    "criteria": {
      "iron_pickaxe": "2025-09-15 02:16:26 +0000"
    },
    "done": true
  },
  "touhou_little_maid:base/pickup_power_point": {
    "criteria": {
      "maid_event": "2025-09-15 02:11:56 +0000"
    },
    "done": true
  },
  "touhou_little_maid:maid_base/switch_schedule": {
    "criteria": {
      "maid_event": "2025-09-15 01:59:19 +0000"
    },
    "done": true
  },
  "immersive_aircraft:misc/aircraftery": {
    "criteria": {
      "has_item": "2025-09-15 02:16:23 +0000"
    },
    "done": true
  },
  "minecraft:story/smelt_iron": {
    "criteria": {
      "iron": "2025-09-15 02:16:23 +0000"
    },
    "done": true
  },
  "minecraft:adventure/sleep_in_bed": {
    "criteria": {
      "slept_in_bed": "2025-09-15 01:53:17 +0000"
    },
    "done": true
  },
  "touhou_little_maid:base/kill_maid_fairy": {
    "criteria": {
      "killed_entity": "2025-09-15 02:11:55 +0000"
    },
    "done": true
  },
  "minecraft:story/mine_diamond": {
    "criteria": {
      "diamond": "2025-09-15 02:16:31 +0000"
    },
    "done": true
  },
  "DataVersion": 3465
}