{
  "overweight_farming:building_blocks/waxed_seedless_peeled_melon_from_honeycomb": {
    "criteria": {
      "has_the_recipe": "2025-09-14 16:58:40 +0000"
    },
    "done": true
  },
  "iceandfire:iceandfire/root": {
    "criteria": {
      "tick": "2025-09-14 16:58:40 +0000"
    },
    "done": true
  },
  "takesapillage:root": {
    "criteria": {
      "always": "2025-09-14 16:58:40 +0000"
    },
    "done": true
  },
  "tameablebeasts:root": {
    "criteria": {
      "trigger_on_join": "2025-09-14 16:58:40 +0000"
    },
    "done": true
  },
  "overweight_farming:building_blocks/waxed_seeded_peeled_melon_from_honeycomb": {
    "criteria": {
      "has_the_recipe": "2025-09-14 16:58:40 +0000"
    },
    "done": true
  },
  "dungeons_arise:wda_root": {
    "criteria": {
      "WDA": "2025-09-14 16:58:40 +0000"
    },
    "done": true
  },
  "friendsandfoes:misc/yellow_dye_from_buttercup": {
    "criteria": {
      "has_the_recipe": "2025-09-14 16:58:40 +0000"
    },
    "done": true
  },
  "farmersdelight:main/root": {
    "criteria": {
      "seeds": "2025-09-14 16:58:40 +0000"
    },
    "done": true
  },
  "create:root": {
    "criteria": {
      "0": "2025-09-14 16:58:40 +0000"
    },
    "done": true
  },
  "touhou_little_maid:give_smart_slab": {
    "criteria": {
      "tick": "2025-09-14 16:58:40 +0000"
    },
    "done": true
  },
  "brewery:main/root": {
    "criteria": {
      "seeds": "2025-09-14 16:58:40 +0000"
    },
    "done": true
  },
  "overweight_farming:building_blocks/waxed_half_seeded_peeled_melon_from_honeycomb": {
    "criteria": {
      "has_the_recipe": "2025-09-14 16:58:40 +0000"
    },
    "done": true
  },
  "mowziesmobs:root": {
    "criteria": {
      "custom_test_name": "2025-09-14 16:58:40 +0000"
    },
    "done": true
  },
  "betterdungeons:root": {
    "criteria": {
      "always": "2025-09-14 16:58:40 +0000"
    },
    "done": true
  },
  "overweight_farming:building_blocks/vegetable_compost": {
    "criteria": {
      "has_the_recipe": "2025-09-14 16:58:40 +0000"
    },
    "done": true
  },
  "betterdeserttemples:root": {
    "criteria": {
      "always": "2025-09-14 16:58:40 +0000"
    },
    "done": true
  },
  "cataclysm:root": {
    "criteria": {
      "custom_test_name": "2025-09-14 16:58:40 +0000"
    },
    "done": true
  },
  "incendium:technical/new_player": {
    "criteria": {
      "requirement": "2025-09-14 16:58:40 +0000"
    },
    "done": true
  },
  "vinery:main/root": {
    "criteria": {
      "seeds": "2025-09-14 16:58:40 +0000"
    },
    "done": true
  },
  "incendium:technical/scroll_of_returning": {
    "criteria": {
      "log_spam_fixer": "2025-09-14 16:58:41 +0000"
    },
    "done": false
  },
  "incendium:technical/using/ragnarok": {
    "criteria": {
      "log_spam_fixer": "2025-09-14 16:58:41 +0000"
    },
    "done": false
  },
  "incendium:technical/using/trailblazer": {
    "criteria": {
      "log_spam_fixer": "2025-09-14 16:58:41 +0000"
    },
    "done": false
  },
  "minecraft:adventure/adventuring_time": {
    "criteria": {
      "minecraft:old_growth_pine_taiga": "2025-09-14 17:46:42 +0000",
      "minecraft:birch_forest": "2025-09-14 17:03:20 +0000",
      "minecraft:dark_forest": "2025-09-14 17:46:27 +0000",
      "minecraft:river": "2025-09-14 17:35:51 +0000",
      "minecraft:stony_shore": "2025-09-14 16:58:41 +0000",
      "minecraft:grove": "2025-09-14 17:42:01 +0000",
      "minecraft:jagged_peaks": "2025-09-14 18:45:05 +0000",
      "minecraft:cold_ocean": "2025-09-14 19:46:07 +0000",
      "minecraft:forest": "2025-09-14 19:46:08 +0000",
      "minecraft:lush_caves": "2025-09-15 02:05:26 +0000",
      "minecraft:ocean": "2025-09-14 18:01:51 +0000",
      "minecraft:old_growth_birch_forest": "2025-09-14 17:20:10 +0000",
      "minecraft:deep_dark": "2025-09-15 01:51:30 +0000",
      "minecraft:plains": "2025-09-14 18:43:39 +0000"
    },
    "done": false
  },
  "incendium:technical/using/shield": {
    "criteria": {
      "log_spam_fixer": "2025-09-14 16:58:41 +0000"
    },
    "done": false
  },
  "supplementaries:adventure/way_sign": {
    "criteria": {
      "bastion": "2025-09-14 17:00:45 +0000"
    },
    "done": true
  },
  "aquamirae:adventure/root": {
    "criteria": {
      "crafting_table": "2025-09-14 17:04:01 +0000"
    },
    "done": true
  },
  "minecraft:story/root": {
    "criteria": {
      "crafting_table": "2025-09-14 17:04:01 +0000"
    },
    "done": true
  },
  "minecraft:story/mine_stone": {
    "criteria": {
      "get_stone": "2025-09-14 17:04:18 +0000"
    },
    "done": true
  },
  "minecraft:story/upgrade_tools": {
    "criteria": {
      "stone_pickaxe": "2025-09-14 17:04:54 +0000"
    },
    "done": true
  },
  "knightquest:knightquest": {
    "criteria": {
      "requirement": "2025-09-14 17:08:04 +0000"
    },
    "done": true
  },
  "minecraft:husbandry/tame_an_animal": {
    "criteria": {
      "tamed_animal": "2025-09-14 17:09:19 +0000"
    },
    "done": true
  },
  "touhou_little_maid:base/pickup_power_point": {
    "criteria": {
      "maid_event": "2025-09-14 17:14:31 +0000"
    },
    "done": true
  },
  "minecraft:adventure/root": {
    "criteria": {
      "killed_something": "2025-09-14 17:19:01 +0000"
    },
    "done": true
  },
  "minecraft:husbandry/root": {
    "criteria": {
      "consumed_item": "2025-09-14 17:19:50 +0000"
    },
    "done": true
  },
  "touhou_little_maid:base/kill_maid_fairy": {
    "criteria": {
      "killed_entity": "2025-09-14 17:21:49 +0000"
    },
    "done": true
  },
  "minecraft:husbandry/balanced_diet": {
    "criteria": {
      "cooked_porkchop": "2025-09-14 17:23:28 +0000",
      "cooked_mutton": "2025-09-14 17:55:59 +0000",
      "sweet_berries": "2025-09-14 17:51:10 +0000",
      "cooked_beef": "2025-09-14 21:47:35 +0000",
      "baked_potato": "2025-09-14 18:43:57 +0000",
      "apple": "2025-09-14 19:25:51 +0000",
      "bread": "2025-09-14 18:26:28 +0000",
      "mushroom_stew": "2025-09-14 17:50:33 +0000"
    },
    "done": false
  },
  "alexsmobs:alexsmobs/seagull_steal": {
    "criteria": {
      "ex": "2025-09-14 17:24:14 +0000"
    },
    "done": true
  },
  "immersive_aircraft:misc/aircraftery": {
    "criteria": {
      "has_item": "2025-09-14 17:30:03 +0000"
    },
    "done": true
  },
  "minecraft:story/smelt_iron": {
    "criteria": {
      "iron": "2025-09-14 17:30:03 +0000"
    },
    "done": true
  },
  "minecraft:adventure/kill_all_mobs": {
    "criteria": {
      "minecraft:pillager": "2025-09-14 21:04:16 +0000",
      "minecraft:skeleton": "2025-09-14 17:31:57 +0000",
      "minecraft:spider": "2025-09-14 18:41:43 +0000",
      "minecraft:creeper": "2025-09-15 01:51:48 +0000",
      "minecraft:witch": "2025-09-15 01:48:31 +0000",
      "minecraft:zombie": "2025-09-14 17:41:23 +0000",
      "minecraft:drowned": "2025-09-14 18:08:17 +0000"
    },
    "done": false
  },
  "minecraft:adventure/kill_a_mob": {
    "criteria": {
      "minecraft:skeleton": "2025-09-14 17:31:57 +0000"
    },
    "done": true
  },
  "minecraft:story/deflect_arrow": {
    "criteria": {
      "deflected_projectile": "2025-09-14 17:34:33 +0000"
    },
    "done": true
  },
  "farmersdelight:main/eat_comfort_food": {
    "criteria": {
      "comfort": "2025-09-14 17:50:33 +0000"
    },
    "done": true
  },
  "farmersdelight:main/get_fd_seed": {
    "criteria": {
      "tomato_seeds": "2025-09-14 18:03:27 +0000"
    },
    "done": true
  },
  "endrem:main/old_eye": {
    "criteria": {
      "old_eye": "2025-09-14 18:03:35 +0000"
    },
    "done": true
  },
  "endrem:main/root": {
    "criteria": {
      "old_eye": "2025-09-14 18:03:35 +0000"
    },
    "done": true
  },
  "iceandfire:iceandfire/kill_ghost": {
    "criteria": {
      "killed_fire_dragon": "2025-09-14 18:08:39 +0000"
    },
    "done": true
  },
  "minecraft:story/iron_tools": {
    "criteria": {
      "iron_pickaxe": "2025-09-14 18:10:49 +0000"
    },
    "done": true
  },
  "vinery:main/forbidden_fruit": {
    "criteria": {
      "apple": "2025-09-14 18:21:37 +0000"
    },
    "done": true
  },
  "farmersdelight:main/craft_knife": {
    "criteria": {
      "iron_knife": "2025-09-14 18:22:20 +0000"
    },
    "done": true
  },
  "vinery:main/fruits_of_the_field": {
    "criteria": {
      "fruits_of_the_field": "2025-09-14 18:43:39 +0000"
    },
    "done": true
  },
  "create:copper": {
    "criteria": {
      "0": "2025-09-14 18:54:42 +0000"
    },
    "done": true
  },
  "immersive_melodies:misc/instruments": {
    "criteria": {
      "has_item": "2025-09-14 18:54:42 +0000"
    },
    "done": true
  },
  "minecraft:adventure/sleep_in_bed": {
    "criteria": {
      "slept_in_bed": "2025-09-14 19:00:05 +0000"
    },
    "done": true
  },
  "minecraft:story/obtain_armor": {
    "criteria": {
      "iron_chestplate": "2025-09-14 19:35:29 +0000"
    },
    "done": true
  },
  "touhou_little_maid:base/change_maid_model": {
    "criteria": {
      "maid_event": "2025-09-14 19:35:50 +0000"
    },
    "done": true
  },
  "touhou_little_maid:challenge/any_equipment": {
    "criteria": {
      "maid_event": "2025-09-14 19:37:35 +0000"
    },
    "done": true
  },
  "farmersdelight:main/place_campfire": {
    "criteria": {
      "campfire": "2025-09-14 19:40:43 +0000"
    },
    "done": true
  },
  "betterdungeons:all_dungeons": {
    "criteria": {
      "in_better_spider_dungeon": "2025-09-14 19:46:06 +0000"
    },
    "done": false
  },
  "betterdungeons:spider_dungeon": {
    "criteria": {
      "in_better_spider_dungeon": "2025-09-14 19:46:06 +0000"
    },
    "done": true
  },
  "dungeons_arise:find_lighthouse": {
    "criteria": {
      "location0": "2025-09-14 19:46:33 +0000"
    },
    "done": true
  },
  "minecraft:story/mine_diamond": {
    "criteria": {
      "diamond": "2025-09-14 19:47:23 +0000"
    },
    "done": true
  },
  "farmersdelight:main/plant_all_crops": {
    "criteria": {
      "sugar_cane": "2025-09-14 21:00:51 +0000"
    },
    "done": false
  },
  "minecraft:adventure/trade": {
    "criteria": {
      "traded": "2025-09-14 21:17:31 +0000"
    },
    "done": true
  },
  "minecraft:story/shiny_gear": {
    "criteria": {
      "diamond_chestplate": "2025-09-14 21:19:28 +0000"
    },
    "done": true
  },
  "brewery:main/wild_crops": {
    "criteria": {
      "barley_seeds": "2025-09-14 21:49:12 +0000",
      "barley": "2025-09-14 21:50:14 +0000"
    },
    "done": false
  },
  "brewery:main/crop_collector": {
    "criteria": {
      "brewery:barley": "2025-09-14 21:50:14 +0000"
    },
    "done": false
  },
  "minecraft:husbandry/wax_off": {
    "criteria": {
      "wax_off": "2025-09-14 21:56:21 +0000"
    },
    "done": true
  },
  "friendsandfoes:adventure/summon_copper_golem": {
    "criteria": {
      "summoned_golem": "2025-09-14 21:56:29 +0000"
    },
    "done": true
  },
  "deeperdarker:main/root": {
    "criteria": {
      "deep_dark": "2025-09-15 01:51:30 +0000"
    },
    "done": true
  },
  "artifacts:chest_slayer": {
    "criteria": {
      "kill_mimic": "2025-09-15 02:21:10 +0000"
    },
    "done": true
  },
  "minecraft:adventure/shoot_arrow": {
    "criteria": {
      "shot_arrow": "2025-09-15 01:45:50 +0000"
    },
    "done": true
  },
  "minecraft:adventure/avoid_vibration": {
    "criteria": {
      "avoid_vibration": "2025-09-15 01:55:44 +0000"
    },
    "done": true
  },
  "artifacts:amateur_archaeologist": {
    "criteria": {
      "find_artifact": "2025-09-15 02:21:11 +0000"
    },
    "done": true
  },
  "minecraft:husbandry/axolotl_in_a_bucket": {
    "criteria": {
      "axolotl_bucket": "2025-09-15 02:46:17 +0000"
    },
    "done": true
  },
  "DataVersion": 3465
}