{
  "overweight_farming:building_blocks/waxed_seedless_peeled_melon_from_honeycomb": {
    "criteria": {
      "has_the_recipe": "2025-09-14 17:01:39 +0000"
    },
    "done": true
  },
  "iceandfire:iceandfire/root": {
    "criteria": {
      "tick": "2025-09-14 17:01:39 +0000"
    },
    "done": true
  },
  "takesapillage:root": {
    "criteria": {
      "always": "2025-09-14 17:01:39 +0000"
    },
    "done": true
  },
  "tameablebeasts:root": {
    "criteria": {
      "trigger_on_join": "2025-09-14 17:01:39 +0000"
    },
    "done": true
  },
  "overweight_farming:building_blocks/waxed_seeded_peeled_melon_from_honeycomb": {
    "criteria": {
      "has_the_recipe": "2025-09-14 17:01:39 +0000"
    },
    "done": true
  },
  "dungeons_arise:wda_root": {
    "criteria": {
      "WDA": "2025-09-14 17:01:39 +0000"
    },
    "done": true
  },
  "friendsandfoes:misc/yellow_dye_from_buttercup": {
    "criteria": {
      "has_the_recipe": "2025-09-14 17:01:39 +0000"
    },
    "done": true
  },
  "farmersdelight:main/root": {
    "criteria": {
      "seeds": "2025-09-14 17:01:39 +0000"
    },
    "done": true
  },
  "create:root": {
    "criteria": {
      "0": "2025-09-14 17:01:39 +0000"
    },
    "done": true
  },
  "touhou_little_maid:give_smart_slab": {
    "criteria": {
      "tick": "2025-09-14 17:01:39 +0000"
    },
    "done": true
  },
  "brewery:main/root": {
    "criteria": {
      "seeds": "2025-09-14 17:01:39 +0000"
    },
    "done": true
  },
  "overweight_farming:building_blocks/waxed_half_seeded_peeled_melon_from_honeycomb": {
    "criteria": {
      "has_the_recipe": "2025-09-14 17:01:39 +0000"
    },
    "done": true
  },
  "mowziesmobs:root": {
    "criteria": {
      "custom_test_name": "2025-09-14 17:01:39 +0000"
    },
    "done": true
  },
  "betterdungeons:root": {
    "criteria": {
      "always": "2025-09-14 17:01:39 +0000"
    },
    "done": true
  },
  "overweight_farming:building_blocks/vegetable_compost": {
    "criteria": {
      "has_the_recipe": "2025-09-14 17:01:39 +0000"
    },
    "done": true
  },
  "betterdeserttemples:root": {
    "criteria": {
      "always": "2025-09-14 17:01:39 +0000"
    },
    "done": true
  },
  "cataclysm:root": {
    "criteria": {
      "custom_test_name": "2025-09-14 17:01:39 +0000"
    },
    "done": true
  },
  "incendium:technical/new_player": {
    "criteria": {
      "requirement": "2025-09-14 17:01:39 +0000"
    },
    "done": true
  },
  "vinery:main/root": {
    "criteria": {
      "seeds": "2025-09-14 17:01:39 +0000"
    },
    "done": true
  },
  "incendium:technical/scroll_of_returning": {
    "criteria": {
      "log_spam_fixer": "2025-09-14 17:01:40 +0000"
    },
    "done": false
  },
  "incendium:technical/using/ragnarok": {
    "criteria": {
      "log_spam_fixer": "2025-09-14 17:01:40 +0000"
    },
    "done": false
  },
  "incendium:technical/using/trailblazer": {
    "criteria": {
      "log_spam_fixer": "2025-09-14 17:01:40 +0000"
    },
    "done": false
  },
  "minecraft:adventure/adventuring_time": {
    "criteria": {
      "minecraft:deep_ocean": "2025-09-14 17:59:08 +0000",
      "minecraft:birch_forest": "2025-09-14 17:04:13 +0000",
      "minecraft:river": "2025-09-14 17:56:12 +0000",
      "minecraft:stony_shore": "2025-09-14 17:01:40 +0000",
      "minecraft:grove": "2025-09-14 17:43:49 +0000",
      "minecraft:cold_ocean": "2025-09-14 19:43:53 +0000",
      "minecraft:forest": "2025-09-14 17:55:08 +0000",
      "minecraft:ocean": "2025-09-14 17:56:59 +0000",
      "minecraft:old_growth_birch_forest": "2025-09-14 17:19:39 +0000",
      "minecraft:deep_dark": "2025-09-15 01:48:23 +0000",
      "minecraft:plains": "2025-09-14 18:01:43 +0000"
    },
    "done": false
  },
  "incendium:technical/using/shield": {
    "criteria": {
      "log_spam_fixer": "2025-09-14 17:01:40 +0000"
    },
    "done": false
  },
  "supplementaries:adventure/way_sign": {
    "criteria": {
      "bastion": "2025-09-14 17:02:54 +0000"
    },
    "done": true
  },
  "minecraft:story/mine_stone": {
    "criteria": {
      "get_stone": "2025-09-14 17:06:19 +0000"
    },
    "done": true
  },
  "aquamirae:adventure/root": {
    "criteria": {
      "crafting_table": "2025-09-14 17:07:36 +0000"
    },
    "done": true
  },
  "minecraft:story/root": {
    "criteria": {
      "crafting_table": "2025-09-14 17:07:36 +0000"
    },
    "done": true
  },
  "minecraft:story/upgrade_tools": {
    "criteria": {
      "stone_pickaxe": "2025-09-14 17:07:45 +0000"
    },
    "done": true
  },
  "minecraft:adventure/root": {
    "criteria": {
      "killed_something": "2025-09-14 17:11:09 +0000"
    },
    "done": true
  },
  "minecraft:adventure/kill_all_mobs": {
    "criteria": {
      "minecraft:pillager": "2025-09-14 21:09:42 +0000",
      "minecraft:skeleton": "2025-09-14 17:13:18 +0000",
      "minecraft:spider": "2025-09-14 18:15:39 +0000",
      "minecraft:creeper": "2025-09-14 17:30:04 +0000",
      "minecraft:phantom": "2025-09-14 18:27:50 +0000",
      "minecraft:witch": "2025-09-15 01:45:46 +0000",
      "minecraft:zombie": "2025-09-14 17:11:09 +0000",
      "minecraft:drowned": "2025-09-14 18:43:13 +0000"
    },
    "done": false
  },
  "minecraft:adventure/kill_a_mob": {
    "criteria": {
      "minecraft:zombie": "2025-09-14 17:11:09 +0000"
    },
    "done": true
  },
  "knightquest:knightquest": {
    "criteria": {
      "requirement": "2025-09-14 17:11:13 +0000"
    },
    "done": true
  },
  "minecraft:husbandry/balanced_diet": {
    "criteria": {
      "cooked_mutton": "2025-09-14 19:27:45 +0000",
      "sweet_berries": "2025-09-14 18:17:45 +0000",
      "cooked_beef": "2025-09-14 17:16:50 +0000",
      "apple": "2025-09-14 18:17:29 +0000",
      "bread": "2025-09-14 18:09:07 +0000",
      "rotten_flesh": "2025-09-14 17:11:14 +0000",
      "rabbit_stew": "2025-09-15 03:44:08 +0000"
    },
    "done": false
  },
  "minecraft:husbandry/root": {
    "criteria": {
      "consumed_item": "2025-09-14 17:11:14 +0000"
    },
    "done": true
  },
  "touhou_little_maid:base/kill_maid_fairy": {
    "criteria": {
      "killed_entity": "2025-09-14 17:12:12 +0000"
    },
    "done": true
  },
  "touhou_little_maid:base/pickup_power_point": {
    "criteria": {
      "maid_event": "2025-09-14 17:12:19 +0000"
    },
    "done": true
  },
  "minecraft:husbandry/tame_an_animal": {
    "criteria": {
      "tamed_animal": "2025-09-14 17:12:27 +0000"
    },
    "done": true
  },
  "touhou_little_maid:maid_base/switch_task": {
    "criteria": {
      "maid_event": "2025-09-14 17:13:29 +0000"
    },
    "done": true
  },
  "immersive_aircraft:misc/aircraftery": {
    "criteria": {
      "has_item": "2025-09-14 17:14:49 +0000"
    },
    "done": true
  },
  "minecraft:story/smelt_iron": {
    "criteria": {
      "iron": "2025-09-14 17:14:49 +0000"
    },
    "done": true
  },
  "touhou_little_maid:maid_base/maid_kill_mob": {
    "criteria": {
      "maid_event": "2025-09-14 17:15:40 +0000"
    },
    "done": true
  },
  "vinery:main/wild_harvest": {
    "criteria": {
      "red_grape_seeds": "2025-09-14 17:18:38 +0000"
    },
    "done": true
  },
  "farmersdelight:main/craft_knife": {
    "criteria": {
      "iron_knife": "2025-09-14 17:26:38 +0000"
    },
    "done": true
  },
  "create:copper": {
    "criteria": {
      "0": "2025-09-14 17:33:13 +0000"
    },
    "done": true
  },
  "immersive_melodies:misc/instruments": {
    "criteria": {
      "has_item": "2025-09-14 17:33:13 +0000"
    },
    "done": true
  },
  "alexsmobs:alexsmobs/seagull_steal": {
    "criteria": {
      "ex": "2025-09-14 17:45:09 +0000"
    },
    "done": true
  },
  "touhou_little_maid:challenge/any_equipment": {
    "criteria": {
      "maid_event": "2025-09-14 17:50:26 +0000"
    },
    "done": true
  },
  "touhou_little_maid:base/change_maid_model": {
    "criteria": {
      "maid_event": "2025-09-14 17:50:43 +0000"
    },
    "done": true
  },
  "minecraft:story/iron_tools": {
    "criteria": {
      "iron_pickaxe": "2025-09-14 17:52:39 +0000"
    },
    "done": true
  },
  "vinery:main/fruits_of_the_field": {
    "criteria": {
      "fruits_of_the_field": "2025-09-14 18:01:43 +0000"
    },
    "done": true
  },
  "vinery:main/forbidden_fruit": {
    "criteria": {
      "apple": "2025-09-14 18:01:49 +0000"
    },
    "done": true
  },
  "minecraft:story/deflect_arrow": {
    "criteria": {
      "deflected_projectile": "2025-09-14 18:03:37 +0000"
    },
    "done": true
  },
  "minecraft:adventure/sleep_in_bed": {
    "criteria": {
      "slept_in_bed": "2025-09-14 18:26:25 +0000"
    },
    "done": true
  },
  "deeperdarker:main/kill_all_sculk_mobs": {
    "criteria": {
      "phantom": "2025-09-14 18:27:50 +0000"
    },
    "done": false
  },
  "iceandfire:iceandfire/kill_sea_serpent": {
    "criteria": {
      "killed_fire_dragon": "2025-09-14 18:36:55 +0000"
    },
    "done": true
  },
  "endrem:main/old_eye": {
    "criteria": {
      "old_eye": "2025-09-14 19:30:27 +0000"
    },
    "done": true
  },
  "endrem:main/root": {
    "criteria": {
      "old_eye": "2025-09-14 19:30:27 +0000"
    },
    "done": true
  },
  "betterdungeons:all_dungeons": {
    "criteria": {
      "in_better_spider_dungeon": "2025-09-14 19:44:30 +0000"
    },
    "done": false
  },
  "betterdungeons:spider_dungeon": {
    "criteria": {
      "in_better_spider_dungeon": "2025-09-14 19:44:30 +0000"
    },
    "done": true
  },
  "minecraft:adventure/shoot_arrow": {
    "criteria": {
      "shot_arrow": "2025-09-14 19:47:27 +0000"
    },
    "done": true
  },
  "dungeons_arise:find_lighthouse": {
    "criteria": {
      "location0": "2025-09-14 19:50:48 +0000"
    },
    "done": true
  },
  "friendsandfoes:adventure/kill_illusioner": {
    "criteria": {
      "killed_illusioner": "2025-09-14 20:02:31 +0000"
    },
    "done": true
  },
  "friendsandfoes:adventure/the_magicians": {
    "criteria": {
      "killed_illusioner": "2025-09-14 20:02:31 +0000"
    },
    "done": false
  },
  "brewery:main/eat_everything": {
    "criteria": {
      "pretzel": "2025-09-14 20:06:25 +0000",
      "sausage": "2025-09-15 03:04:37 +0000"
    },
    "done": false
  },
  "brewery:main/get_saturated": {
    "criteria": {
      "saturated": "2025-09-14 20:06:25 +0000"
    },
    "done": true
  },
  "minecraft:adventure/trade": {
    "criteria": {
      "traded": "2025-09-14 20:09:20 +0000"
    },
    "done": true
  },
  "minecraft:story/obtain_armor": {
    "criteria": {
      "iron_helmet": "2025-09-14 20:12:12 +0000"
    },
    "done": true
  },
  "minecraft:story/shiny_gear": {
    "criteria": {
      "diamond_leggings": "2025-09-14 20:40:23 +0000"
    },
    "done": true
  },
  "minecraft:husbandry/bred_all_animals": {
    "criteria": {
      "minecraft:sheep": "2025-09-14 21:51:50 +0000"
    },
    "done": false
  },
  "minecraft:husbandry/breed_an_animal": {
    "criteria": {
      "bred": "2025-09-14 21:51:50 +0000"
    },
    "done": true
  },
  "minecraft:husbandry/wax_off": {
    "criteria": {
      "wax_off": "2025-09-14 21:56:26 +0000"
    },
    "done": true
  },
  "friendsandfoes:adventure/summon_copper_golem": {
    "criteria": {
      "summoned_golem": "2025-09-14 21:56:29 +0000"
    },
    "done": true
  },
  "incendium:technical/sentrys_wrath": {
    "criteria": {
      "log_spam_fixer": "2025-09-15 03:59:01 +0000"
    },
    "done": false
  },
  "incendium:technical/inventory/sentrys_wrath": {
    "criteria": {
      "log_spam_fixer": "2025-09-15 03:59:01 +0000"
    },
    "done": false
  },
  "incendium:technical/multiplex_crossbow": {
    "criteria": {
      "log_spam_fixer": "2025-09-15 03:59:01 +0000"
    },
    "done": false
  },
  "incendium:technical/feed_ghastling": {
    "criteria": {
      "log_spam_fixer": "2025-09-15 03:59:01 +0000"
    },
    "done": false
  },
  "incendium:technical/on_inventory_change": {
    "criteria": {
      "log_spam_fixer": "2025-09-15 03:59:01 +0000"
    },
    "done": false
  },
  "incendium:technical/on_player_hurt": {
    "criteria": {
      "log_spam_fixer": "2025-09-15 03:59:01 +0000"
    },
    "done": false
  },
  "incendium:technical/firestorm": {
    "criteria": {
      "log_spam_fixer": "2025-09-15 03:59:01 +0000"
    },
    "done": false
  },
  "incendium:technical/holy_wrath": {
    "criteria": {
      "log_spam_fixer": "2025-09-15 03:59:01 +0000"
    },
    "done": false
  },
  "incendium:technical/on_block": {
    "criteria": {
      "log_spam_fixer": "2025-09-15 03:59:01 +0000"
    },
    "done": false
  },
  "incendium:technical/inventory/firestorm": {
    "criteria": {
      "log_spam_fixer": "2025-09-15 03:59:01 +0000"
    },
    "done": false
  },
  "incendium:technical/give_ghastling": {
    "criteria": {
      "log_spam_fixer": "2025-09-15 03:59:01 +0000"
    },
    "done": false
  },
  "incendium:technical/on_kill": {
    "criteria": {
      "log_spam_fixer": "2025-09-15 03:59:01 +0000"
    },
    "done": false
  },
  "deeperdarker:main/root": {
    "criteria": {
      "deep_dark": "2025-09-15 01:48:23 +0000"
    },
    "done": true
  },
  "touhou_little_maid:favorability/favorability_increased": {
    "criteria": {
      "maid_event": "2025-09-15 03:05:33 +0000"
    },
    "done": true
  },
  "touhou_little_maid:maid_base/switch_schedule": {
    "criteria": {
      "maid_event": "2025-09-15 02:05:44 +0000"
    },
    "done": true
  },
  "uniquedungeons:ancient_note": {
    "criteria": {
      "requirement": "2025-09-15 03:03:29 +0000"
    },
    "done": true
  },
  "farmersdelight:main/get_fd_seed": {
    "criteria": {
      "tomato_seeds": "2025-09-15 02:44:40 +0000"
    },
    "done": true
  },
  "minecraft:story/mine_diamond": {
    "criteria": {
      "diamond": "2025-09-15 01:47:37 +0000"
    },
    "done": true
  },
  "farmersdelight:main/eat_comfort_food": {
    "criteria": {
      "comfort": "2025-09-15 03:44:08 +0000"
    },
    "done": true
  },
  "DataVersion": 3465
}